-- phpMyAdmin SQL Dump
-- version 5.1.3
-- https://www.phpmyadmin.net/
--
-- Host: 127.0.0.1
-- Generation Time: May 27, 2022 at 08:03 AM
-- Server version: 10.4.24-MariaDB
-- PHP Version: 7.4.29

SET SQL_MODE = "NO_AUTO_VALUE_ON_ZERO";
START TRANSACTION;
SET time_zone = "+00:00";


/*!40101 SET @OLD_CHARACTER_SET_CLIENT=@@CHARACTER_SET_CLIENT */;
/*!40101 SET @OLD_CHARACTER_SET_RESULTS=@@CHARACTER_SET_RESULTS */;
/*!40101 SET @OLD_COLLATION_CONNECTION=@@COLLATION_CONNECTION */;
/*!40101 SET NAMES utf8mb4 */;

--
-- Database: `builder_server`
--

-- --------------------------------------------------------

--
-- Table structure for table `check_processes`
--

CREATE TABLE `check_processes` (
  `log_id` int(11) NOT NULL,
  `log_user` varchar(191) COLLATE utf8mb4_unicode_ci NOT NULL,
  `log_prosessing` varchar(1000) COLLATE utf8mb4_unicode_ci NOT NULL,
  `log_agent` varchar(191) COLLATE utf8mb4_unicode_ci NOT NULL,
  `created_at` timestamp NULL DEFAULT NULL,
  `updated_at` timestamp NULL DEFAULT NULL
) ENGINE=InnoDB DEFAULT CHARSET=utf8mb4 COLLATE=utf8mb4_unicode_ci;

--
-- Dumping data for table `check_processes`
--

INSERT INTO `check_processes` (`log_id`, `log_user`, `log_prosessing`, `log_agent`, `created_at`, `updated_at`) VALUES
(2, 'อาทิตย์ ศรีจันทร์ (am)', 'อัพเดทข้อมูล: ทดสอบการสร้างรายงานช้อมูลที่ 1 \nชั้น 11 ให้น้ำเครื่องกรองน้ำเปลี่ยนหัวใหม่', 'Windows', '2022-05-23 04:15:49', '2022-05-23 04:15:49'),
(3, 'อาทิตย์ ศรีจันทร์ (am)', 'มอบหมายให้: Operationอัพเดทข้อมูลรายการ: ทดสอบการสร้างรายงานช้อมูลที่ 1 \nชั้น 11 ให้น้ำเครื่องกรองน้ำเปลี่ยนหัวใหม่โดยเปลี่ยนแปลงข้อมูลเป็น: -ทดสอบการทำงาน\n-ทำการสร้างข้อมูลแล้ว\n-ผู้ทดสอบไ', 'Windows', '2022-05-23 04:20:51', '2022-05-23 04:20:51'),
(4, 'อาทิตย์ ศรีจันทร์ (am)', 'มอบหมายให้: Operationอัพเดทข้อมูลรายการ: ทดสอบการสร้างรายงานช้อมูลที่ 1 \r\nชั้น 11 ให้น้ำเครื่องกรองน้ำเปลี่ยนหัวใหม่โดยเปลี่ยนแปลงข้อมูลเป็น: -ทดสอบการทำงาน\r\n-ทำการสร้างข้อมูลแล้ว\r\n-ผู้ทดสอบได้ทำงานทดสอบแล้ว\r\n-ได้เปลี่ยนหัวใหม่แล้วรอทดสอบ\r\n-เสร็จสิ้นการทำงาน', 'Windows', '2022-05-23 04:21:37', '2022-05-23 04:21:37'),
(5, 'อาทิตย์ ศรีจันทร์ (am)', 'มอบหมายให้: Operation\nอัพเดทข้อมูลรายการ: ทดสอบการสร้างรายงานช้อมูลที่ 1 \nชั้น 11 ให้น้ำเครื่องกรองน้ำเปลี่ยนหัวใหม่\nโดยเปลี่ยนแปลงข้อมูลเป็น: -ทดสอบการทำงาน\n-ทำการสร้างข้อมูลแล้ว\n-ผู้ทดสอบได้ทำงานทดสอบแล้ว\n-ได้เปลี่ยนหัวใหม่แล้วรอทดสอบ\n-เสร็จสิ้นการทำงาน', 'Windows', '2022-05-23 04:23:05', '2022-05-23 04:23:05'),
(6, 'อาทิตย์ ศรีจันทร์ (am)', 'มอบหมายให้: Engineer\nเพิ่มมูลรายการ: ทดสอบรายการ', 'Windows', '2022-05-23 04:25:42', '2022-05-23 04:25:42'),
(7, 'อาทิตย์ ศรีจันทร์ (am)', 'ตรวจเช็คห้อง: EE-04 ชั้น: 5 รอบ: \'บ่าย\' สถานะ: ปกติ', 'iOS', '2022-05-23 07:12:20', '2022-05-23 07:12:20'),
(8, 'อาทิตย์ ศรีจันทร์ (am)', 'ตรวจเช็คห้อง: EE-04 ชั้น: 5 รอบ: \'เช้า\' สถานะ: ปกติ', 'AndroidOS', '2022-05-23 09:40:07', '2022-05-23 09:40:07'),
(9, 'อาทิตย์ ศรีจันทร์ (am)', 'ตรวจเช็คห้อง: EE-04 ชั้น: 5 รอบ: \'ค่ำ\' สถานะ: พบปัญหาและแก้ไขแล้ว', 'AndroidOS', '2022-05-23 10:01:15', '2022-05-23 10:01:15'),
(10, 'อาทิตย์ ศรีจันทร์ (am)', 'ตรวจเช็คห้อง: EE-03 ชั้น: 2 รอบ: \'เช้า\' สถานะ: พบปัญหาและแก้ไขแล้ว', 'AndroidOS', '2022-05-23 10:04:56', '2022-05-23 10:04:56'),
(11, 'อาทิตย์ ศรีจันทร์ (am)', 'มอบหมายให้: Programmer\nเพิ่มมูลรายการ: ทดสอบ', 'Windows', '2022-05-23 10:12:43', '2022-05-23 10:12:43'),
(12, 'อาทิตย์ ศรีจันทร์ (am)', 'มอบหมายให้: Programmer\nเพิ่มมูลรายการ: ทดสอบ', 'Windows', '2022-05-23 10:14:00', '2022-05-23 10:14:00'),
(13, 'อาทิตย์ ศรีจันทร์ (am)', 'มอบหมายให้: Engineer\nเพิ่มมูลรายการ: ทดสอบ 2', 'Windows', '2022-05-23 10:15:32', '2022-05-23 10:15:32'),
(14, 'อาทิตย์ ศรีจันทร์ (am)', 'มอบหมายให้: Programmer\nเพิ่มมูลรายการ: ทดสอบ 3', 'Windows', '2022-05-23 10:16:05', '2022-05-23 10:16:05'),
(15, 'อาทิตย์ ศรีจันทร์ (am)', 'มอบหมายให้: Programmer\nเพิ่มมูลรายการ: ทดสอบรายการทำงานของระบบ', 'Windows', '2022-05-23 10:19:21', '2022-05-23 10:19:21'),
(16, 'อาทิตย์ ศรีจันทร์ (am)', 'มอบหมายให้: Programmer\nเพิ่มมูลรายการ: ทดสอบ', 'Windows', '2022-05-23 10:20:04', '2022-05-23 10:20:04'),
(17, 'อาทิตย์ ศรีจันทร์ (am)', 'ตรวจเช็คห้อง: EE-03 ชั้น: 2 รอบ: \'เช้า\' สถานะ: พบปัญหาและแก้ไขแล้ว', 'AndroidOS', '2022-05-23 10:55:37', '2022-05-23 10:55:37'),
(18, 'อาทิตย์ ศรีจันทร์ (am)', 'ตรวจเช็คห้อง: EE-04 ชั้น: 5 รอบ: \'เช้า\' สถานะ: ปกติ', 'iOS', '2022-05-24 02:55:28', '2022-05-24 02:55:28'),
(19, 'อาทิตย์ ศรีจันทร์ (am)', 'มอบหมายให้: (2)Sustian/Programmer\nเพิ่มมูลรายการ: ทดสอบ', 'Windows', '2022-05-24 09:40:52', '2022-05-24 09:40:52'),
(20, 'อาทิตย์ ศรีจันทร์ (am)', 'มอบหมายให้: (5)Operation/Reception/Engineer/Sustian/Programmer\nเพิ่มมูลรายการ: 123123', 'Windows', '2022-05-24 11:42:06', '2022-05-24 11:42:06'),
(21, 'อาทิตย์ ศรีจันทร์ (am)', 'มอบหมายให้: Reception\nเพิ่มมูลรายการ: d', 'Windows', '2022-05-24 12:15:41', '2022-05-24 12:15:41'),
(22, 'อาทิตย์ ศรีจันทร์ (am)', 'มอบหมายให้: (2)Reception/Programmer\nเพิ่มมูลรายการ: ทดสอบ', 'Windows', '2022-05-24 12:21:38', '2022-05-24 12:21:38'),
(23, 'อาทิตย์ ศรีจันทร์ (am)', 'มอบหมายให้: (2)Reception/Programmer\nอัพเดทข้อมูลรายการ: ทดสอบ\nโดยเปลี่ยนแปลงข้อมูลเป็น: ', 'Windows', '2022-05-24 12:21:49', '2022-05-24 12:21:49'),
(24, 'อาทิตย์ ศรีจันทร์ (am)', 'มอบหมายให้: (2)Reception/Sustian\nเพิ่มมูลรายการ: ทดสอบ', 'Windows', '2022-05-24 12:22:57', '2022-05-24 12:22:57'),
(25, 'อาทิตย์ ศรีจันทร์ (am)', 'มอบหมายให้: (2)Reception/Programmer\nอัพเดทข้อมูลรายการ: ทดสอบ\nโดยเปลี่ยนแปลงข้อมูลเป็น: ', 'Windows', '2022-05-24 12:24:22', '2022-05-24 12:24:22'),
(26, 'อาทิตย์ ศรีจันทร์ (am)', 'มอบหมายให้: (2)Operation/Reception\nเพิ่มมูลรายการ: ทดสอบ', 'Windows', '2022-05-24 12:31:13', '2022-05-24 12:31:13'),
(27, 'อาทิตย์ ศรีจันทร์ (am)', 'มอบหมายให้: Engineer\nเพิ่มมูลรายการ: ทดสอบ', 'Windows', '2022-05-24 14:30:44', '2022-05-24 14:30:44'),
(28, 'อาทิตย์ ศรีจันทร์ (am)', 'มอบหมายให้: (3)Reception/Engineer/Programmer\nเพิ่มมูลรายการ: ทดสอบ', 'Windows', '2022-05-24 14:48:28', '2022-05-24 14:48:28'),
(29, 'อาทิตย์ ศรีจันทร์ (am)', 'มอบหมายให้: (2)Operation/Reception\nเพิ่มมูลรายการ: ชั้น 7 เครื่องจ่ายโฟมมีปัญหา ไหลไม่หยุด', 'Windows', '2022-05-24 14:48:40', '2022-05-24 14:48:40'),
(30, 'อาทิตย์ ศรีจันทร์ (am)', 'มอบหมายให้: Engineer\nเพิ่มมูลรายการ: ทดสอบ', 'Windows', '2022-05-24 15:23:19', '2022-05-24 15:23:19'),
(31, 'อาทิตย์ ศรีจันทร์ (am)', 'มอบหมายให้: Programmer\nเพิ่มมูลรายการ: ว', 'Windows', '2022-05-24 15:26:36', '2022-05-24 15:26:36'),
(32, 'อาทิตย์ ศรีจันทร์ (am)', 'มอบหมายให้: Programmer\nเพิ่มมูลรายการ: ;', 'Windows', '2022-05-24 15:46:16', '2022-05-24 15:46:16'),
(33, 'อาทิตย์ ศรีจันทร์ (am)', 'มอบหมายให้: (2)Operation/Reception\nเพิ่มมูลรายการ: ll', 'Windows', '2022-05-24 15:46:37', '2022-05-24 15:46:37'),
(34, 'อาทิตย์ ศรีจันทร์ (am)', 'ตรวจเช็คห้อง: EE-03 ชั้น: 2 รอบ: \'ค่ำ\' สถานะ: ปกติ', 'iOS', '2022-05-25 02:02:48', '2022-05-25 02:02:48'),
(335, 'กันตวรรธน์ ดวงธนู (บอล)', 'ตรวจเช็คห้อง: EE Room 11 ชั้น: 11 รอบ: \'ค่ำ\' สถานะ: ปกติ', 'OS X', '2022-05-16 22:34:07', '2022-05-16 22:34:07'),
(336, 'กันตวรรธน์ ดวงธนู (บอล)', 'ตรวจเช็คห้อง: EE Room 11-1 ชั้น: 11 รอบ: \'ค่ำ\' สถานะ: ปกติ', 'OS X', '2022-05-16 22:34:50', '2022-05-16 22:34:50'),
(337, 'กันตวรรธน์ ดวงธนู (บอล)', 'ตรวจเช็คห้อง: EE Room 12 ชั้น: 12 รอบ: \'ค่ำ\' สถานะ: ปกติ', 'OS X', '2022-05-16 22:36:38', '2022-05-16 22:36:38'),
(338, 'กันตวรรธน์ ดวงธนู (บอล)', 'ตรวจเช็คห้อง: EE Room 14 ชั้น: 14 รอบ: \'ค่ำ\' สถานะ: ปกติ', 'OS X', '2022-05-16 22:37:43', '2022-05-16 22:37:43'),
(339, 'กันตวรรธน์ ดวงธนู (บอล)', 'ตรวจเช็คห้อง: EE Room 14-1 ชั้น: 14 รอบ: \'ค่ำ\' สถานะ: ปกติ', 'OS X', '2022-05-16 22:38:18', '2022-05-16 22:38:18'),
(340, 'กันตวรรธน์ ดวงธนู (บอล)', 'ตรวจเช็คห้อง: EE Room 15 ชั้น: 15 รอบ: \'ค่ำ\' สถานะ: ปกติ', 'OS X', '2022-05-16 22:39:14', '2022-05-16 22:39:14'),
(341, 'สุวรรณ์ คงสง (ด้วง)', 'ตรวจเช็คห้อง: MDB Room ชั้น: 5 รอบ: \'บ่าย\' สถานะ: ปกติ', 'OS X', '2022-05-17 07:18:53', '2022-05-17 07:18:53'),
(342, 'สุวรรณ์ คงสง (ด้วง)', 'ตรวจเช็คห้อง: Chiller Room ชั้น: 5 รอบ: \'บ่าย\' สถานะ: ปกติ', 'OS X', '2022-05-17 07:20:23', '2022-05-17 07:20:23'),
(343, 'สุวรรณ์ คงสง (ด้วง)', 'ตรวจเช็คห้อง: EE Room 15 ชั้น: 15 รอบ: \'บ่าย\' สถานะ: ปกติ', 'OS X', '2022-05-17 07:22:49', '2022-05-17 07:22:49'),
(344, 'สุวรรณ์ คงสง (ด้วง)', 'ตรวจเช็คห้อง: EE Room 14-1 ชั้น: 14 รอบ: \'บ่าย\' สถานะ: ปกติ', 'OS X', '2022-05-17 07:33:43', '2022-05-17 07:33:43'),
(345, 'สุวรรณ์ คงสง (ด้วง)', 'ตรวจเช็คห้อง: EE Room 14 ชั้น: 14 รอบ: \'บ่าย\' สถานะ: ปกติ', 'OS X', '2022-05-17 07:34:22', '2022-05-17 07:34:22'),
(346, 'สุวรรณ์ คงสง (ด้วง)', 'ตรวจเช็คห้อง: EE Room 12 ชั้น: 12 รอบ: \'บ่าย\' สถานะ: พบปัญหา', 'OS X', '2022-05-17 07:36:51', '2022-05-17 07:36:51'),
(347, 'สุวรรณ์ คงสง (ด้วง)', 'ตรวจเช็คห้อง: EE Room 11 ชั้น: 11 รอบ: \'บ่าย\' สถานะ: ปกติ', 'OS X', '2022-05-17 07:38:39', '2022-05-17 07:38:39'),
(348, 'สุวรรณ์ คงสง (ด้วง)', 'ตรวจเช็คห้อง: EE Room 11-1 ชั้น: 11 รอบ: \'บ่าย\' สถานะ: ปกติ', 'OS X', '2022-05-17 07:39:33', '2022-05-17 07:39:33'),
(349, 'สุวรรณ์ คงสง (ด้วง)', 'ตรวจเช็คห้อง: EE Room 10 ชั้น: 10 รอบ: \'บ่าย\' สถานะ: ปกติ', 'OS X', '2022-05-17 07:42:19', '2022-05-17 07:42:19'),
(350, 'สุวรรณ์ คงสง (ด้วง)', 'ตรวจเช็คห้อง: EE Room 9 ชั้น: 9 รอบ: \'บ่าย\' สถานะ: ปกติ', 'OS X', '2022-05-17 07:43:51', '2022-05-17 07:43:51'),
(351, 'สุวรรณ์ คงสง (ด้วง)', 'ตรวจเช็คห้อง: EE Room 9-1 ชั้น: 9 รอบ: \'บ่าย\' สถานะ: ปกติ', 'OS X', '2022-05-17 07:44:44', '2022-05-17 07:44:44'),
(352, 'สุวรรณ์ คงสง (ด้วง)', 'ตรวจเช็คห้อง: EE Room 8 ชั้น: 8 รอบ: \'บ่าย\' สถานะ: ปกติ', 'OS X', '2022-05-17 07:47:07', '2022-05-17 07:47:07'),
(353, 'สุวรรณ์ คงสง (ด้วง)', 'ตรวจเช็คห้อง: EE Room 7 ชั้น: 7 รอบ: \'บ่าย\' สถานะ: ปกติ', 'OS X', '2022-05-17 07:49:24', '2022-05-17 07:49:24'),
(354, 'สุวรรณ์ คงสง (ด้วง)', 'ตรวจเช็คห้อง: EE Room 7-1 ชั้น: 7 รอบ: \'บ่าย\' สถานะ: ปกติ', 'OS X', '2022-05-17 07:50:51', '2022-05-17 07:50:51'),
(355, 'สุวรรณ์ คงสง (ด้วง)', 'ตรวจเช็คห้อง: EE Room 6 ชั้น: 6 รอบ: \'บ่าย\' สถานะ: ปกติ', 'OS X', '2022-05-17 07:52:49', '2022-05-17 07:52:49'),
(356, 'สุวรรณ์ คงสง (ด้วง)', 'ตรวจเช็คห้อง: Generator Room ชั้น: 6 รอบ: \'บ่าย\' สถานะ: ปกติ', 'OS X', '2022-05-17 07:53:56', '2022-05-17 07:53:56'),
(357, 'สุวรรณ์ คงสง (ด้วง)', 'ตรวจเช็คห้อง: Pressurized Fan ชั้น: 4 รอบ: \'บ่าย\' สถานะ: ปกติ', 'OS X', '2022-05-17 07:57:53', '2022-05-17 07:57:53'),
(358, 'สุวรรณ์ คงสง (ด้วง)', 'ตรวจเช็คห้อง: Fan Room 4 ชั้น: 4 รอบ: \'บ่าย\' สถานะ: ปกติ', 'OS X', '2022-05-17 07:59:13', '2022-05-17 07:59:13'),
(359, 'สุวรรณ์ คงสง (ด้วง)', 'ตรวจเช็คห้อง: EE Room 4 ชั้น: 4 รอบ: \'บ่าย\' สถานะ: ปกติ', 'OS X', '2022-05-17 08:00:47', '2022-05-17 08:00:47'),
(360, 'สุวรรณ์ คงสง (ด้วง)', 'ตรวจเช็คห้อง: Fire Command Room ชั้น: 1 รอบ: \'บ่าย\' สถานะ: ปกติ', 'OS X', '2022-05-17 08:14:23', '2022-05-17 08:14:23'),
(361, 'สุวรรณ์ คงสง (ด้วง)', 'ตรวจเช็คห้อง: Fire Pump Room ชั้น: 1 รอบ: \'บ่าย\' สถานะ: ปกติ', 'OS X', '2022-05-17 08:16:50', '2022-05-17 08:16:50'),
(362, 'สุวรรณ์ คงสง (ด้วง)', 'ตรวจเช็คห้อง: RMU Room ชั้น: 1 รอบ: \'บ่าย\' สถานะ: ปกติ', 'OS X', '2022-05-17 08:18:03', '2022-05-17 08:18:03'),
(363, 'สุวรรณ์ คงสง (ด้วง)', 'ตรวจเช็คห้อง: HV Room ชั้น: 1 รอบ: \'บ่าย\' สถานะ: ปกติ', 'OS X', '2022-05-17 08:19:03', '2022-05-17 08:19:03'),
(364, 'สุวรรณ์ คงสง (ด้วง)', 'ตรวจเช็คห้อง: EE Room 3 ชั้น: 3 รอบ: \'บ่าย\' สถานะ: ปกติ', 'OS X', '2022-05-17 08:23:21', '2022-05-17 08:23:21'),
(365, 'สุวรรณ์ คงสง (ด้วง)', 'ตรวจเช็คห้อง: EE Room 2 ชั้น: 2 รอบ: \'บ่าย\' สถานะ: ปกติ', 'OS X', '2022-05-17 08:36:35', '2022-05-17 08:36:35'),
(366, 'โยธิน วิริยะโชติ (กัน)', 'ตรวจเช็คห้อง: MDB Room ชั้น: 5 รอบ: \'ค่ำ\' สถานะ: ปกติ', 'OS X', '2022-05-17 21:14:48', '2022-05-17 21:14:48'),
(367, 'โยธิน วิริยะโชติ (กัน)', 'ตรวจเช็คห้อง: Chiller Room ชั้น: 5 รอบ: \'ค่ำ\' สถานะ: ปกติ', 'OS X', '2022-05-17 21:15:50', '2022-05-17 21:15:50'),
(368, 'โยธิน วิริยะโชติ (กัน)', 'ตรวจเช็คห้อง: EE Room 15 ชั้น: 15 รอบ: \'ค่ำ\' สถานะ: ปกติ', 'OS X', '2022-05-17 21:20:24', '2022-05-17 21:20:24'),
(369, 'โยธิน วิริยะโชติ (กัน)', 'ตรวจเช็คห้อง: EE Room 14-1 ชั้น: 14 รอบ: \'ค่ำ\' สถานะ: ปกติ', 'OS X', '2022-05-17 21:21:40', '2022-05-17 21:21:40'),
(370, 'โยธิน วิริยะโชติ (กัน)', 'ตรวจเช็คห้อง: EE Room 14 ชั้น: 14 รอบ: \'ค่ำ\' สถานะ: ปกติ', 'OS X', '2022-05-17 21:22:00', '2022-05-17 21:22:00'),
(371, 'โยธิน วิริยะโชติ (กัน)', 'ตรวจเช็คห้อง: EE Room 14-1 ชั้น: 14 รอบ: \'ค่ำ\' สถานะ: ปกติ', 'OS X', '2022-05-17 21:22:40', '2022-05-17 21:22:40'),
(372, 'โยธิน วิริยะโชติ (กัน)', 'ตรวจเช็คห้อง: EE Room 12 ชั้น: 12 รอบ: \'ค่ำ\' สถานะ: ปกติ', 'OS X', '2022-05-17 21:23:31', '2022-05-17 21:23:31'),
(373, 'โยธิน วิริยะโชติ (กัน)', 'ตรวจเช็คห้อง: EE Room 11 ชั้น: 11 รอบ: \'ค่ำ\' สถานะ: ปกติ', 'OS X', '2022-05-17 21:25:25', '2022-05-17 21:25:25'),
(374, 'โยธิน วิริยะโชติ (กัน)', 'ตรวจเช็คห้อง: EE Room 11-1 ชั้น: 11 รอบ: \'ค่ำ\' สถานะ: ปกติ', 'OS X', '2022-05-17 21:26:06', '2022-05-17 21:26:06'),
(375, 'โยธิน วิริยะโชติ (กัน)', 'ตรวจเช็คห้อง: EE Room 10 ชั้น: 10 รอบ: \'ค่ำ\' สถานะ: ปกติ', 'OS X', '2022-05-17 21:27:19', '2022-05-17 21:27:19'),
(376, 'โยธิน วิริยะโชติ (กัน)', 'ตรวจเช็คห้อง: EE Room 9 ชั้น: 9 รอบ: \'ค่ำ\' สถานะ: ปกติ', 'OS X', '2022-05-17 21:28:19', '2022-05-17 21:28:19'),
(377, 'โยธิน วิริยะโชติ (กัน)', 'ตรวจเช็คห้อง: EE Room 9-1 ชั้น: 9 รอบ: \'ค่ำ\' สถานะ: ปกติ', 'OS X', '2022-05-17 21:28:52', '2022-05-17 21:28:52'),
(378, 'โยธิน วิริยะโชติ (กัน)', 'ตรวจเช็คห้อง: EE Room 8 ชั้น: 8 รอบ: \'ค่ำ\' สถานะ: ปกติ', 'OS X', '2022-05-17 21:29:40', '2022-05-17 21:29:40'),
(379, 'โยธิน วิริยะโชติ (กัน)', 'ตรวจเช็คห้อง: EE Room 7 ชั้น: 7 รอบ: \'ค่ำ\' สถานะ: ปกติ', 'OS X', '2022-05-17 21:30:21', '2022-05-17 21:30:21'),
(380, 'โยธิน วิริยะโชติ (กัน)', 'ตรวจเช็คห้อง: EE Room 7-1 ชั้น: 7 รอบ: \'ค่ำ\' สถานะ: ปกติ', 'OS X', '2022-05-17 21:31:02', '2022-05-17 21:31:02'),
(381, 'โยธิน วิริยะโชติ (กัน)', 'ตรวจเช็คห้อง: Generator Room ชั้น: 6 รอบ: \'ค่ำ\' สถานะ: ปกติ', 'OS X', '2022-05-17 21:32:06', '2022-05-17 21:32:06'),
(382, 'โยธิน วิริยะโชติ (กัน)', 'ตรวจเช็คห้อง: EE Room 6 ชั้น: 6 รอบ: \'ค่ำ\' สถานะ: ปกติ', 'OS X', '2022-05-17 21:32:30', '2022-05-17 21:32:30'),
(383, 'โยธิน วิริยะโชติ (กัน)', 'ตรวจเช็คห้อง: EE Room 4 ชั้น: 4 รอบ: \'ค่ำ\' สถานะ: ปกติ', 'OS X', '2022-05-17 21:33:41', '2022-05-17 21:33:41'),
(384, 'โยธิน วิริยะโชติ (กัน)', 'ตรวจเช็คห้อง: Fan Room 4 ชั้น: 4 รอบ: \'ค่ำ\' สถานะ: ปกติ', 'OS X', '2022-05-17 21:34:06', '2022-05-17 21:34:06'),
(385, 'โยธิน วิริยะโชติ (กัน)', 'ตรวจเช็คห้อง: EE Room 4 ชั้น: 4 รอบ: \'ค่ำ\' สถานะ: ปกติ', 'OS X', '2022-05-17 21:34:39', '2022-05-17 21:34:39'),
(386, 'โยธิน วิริยะโชติ (กัน)', 'ตรวจเช็คห้อง: Pressurized Fan ชั้น: 4 รอบ: \'ค่ำ\' สถานะ: ปกติ', 'OS X', '2022-05-17 21:36:18', '2022-05-17 21:36:18'),
(387, 'โยธิน วิริยะโชติ (กัน)', 'ตรวจเช็คห้อง: EE Room 2 ชั้น: 2 รอบ: \'ค่ำ\' สถานะ: ปกติ', 'OS X', '2022-05-17 21:39:15', '2022-05-17 21:39:15'),
(388, 'โยธิน วิริยะโชติ (กัน)', 'ตรวจเช็คห้อง: Fire Command Room ชั้น: 1 รอบ: \'ค่ำ\' สถานะ: ปกติ', 'OS X', '2022-05-17 21:40:45', '2022-05-17 21:40:45'),
(389, 'โยธิน วิริยะโชติ (กัน)', 'ตรวจเช็คห้อง: Fire Pump Room ชั้น: 1 รอบ: \'ค่ำ\' สถานะ: ปกติ', 'OS X', '2022-05-17 21:41:49', '2022-05-17 21:41:49'),
(390, 'โยธิน วิริยะโชติ (กัน)', 'ตรวจเช็คห้อง: RMU Room ชั้น: 1 รอบ: \'ค่ำ\' สถานะ: ปกติ', 'OS X', '2022-05-17 21:42:57', '2022-05-17 21:42:57'),
(391, 'โยธิน วิริยะโชติ (กัน)', 'ตรวจเช็คห้อง: HV Room ชั้น: 1 รอบ: \'ค่ำ\' สถานะ: ปกติ', 'OS X', '2022-05-17 21:43:30', '2022-05-17 21:43:30'),
(392, 'สุวรรณ์ คงสง (ด้วง)', 'ตรวจเช็คห้อง: MDB Room ชั้น: 5 รอบ: \'บ่าย\' สถานะ: ปกติ', 'OS X', '2022-05-18 07:05:46', '2022-05-18 07:05:46'),
(393, 'สุวรรณ์ คงสง (ด้วง)', 'ตรวจเช็คห้อง: Chiller Room ชั้น: 5 รอบ: \'บ่าย\' สถานะ: ปกติ', 'OS X', '2022-05-18 07:07:13', '2022-05-18 07:07:13'),
(394, 'สุวรรณ์ คงสง (ด้วง)', 'ตรวจเช็คห้อง: EE Room 15 ชั้น: 15 รอบ: \'บ่าย\' สถานะ: ปกติ', 'OS X', '2022-05-18 07:09:59', '2022-05-18 07:09:59'),
(395, 'สุวรรณ์ คงสง (ด้วง)', 'ตรวจเช็คห้อง: EE Room 14-1 ชั้น: 14 รอบ: \'บ่าย\' สถานะ: ปกติ', 'OS X', '2022-05-18 07:17:07', '2022-05-18 07:17:07'),
(396, 'สุวรรณ์ คงสง (ด้วง)', 'ตรวจเช็คห้อง: EE Room 14 ชั้น: 14 รอบ: \'บ่าย\' สถานะ: ปกติ', 'OS X', '2022-05-18 07:18:01', '2022-05-18 07:18:01'),
(397, 'สุวรรณ์ คงสง (ด้วง)', 'ตรวจเช็คห้อง: EE Room 11 ชั้น: 11 รอบ: \'บ่าย\' สถานะ: ปกติ', 'OS X', '2022-05-18 07:24:15', '2022-05-18 07:24:15'),
(398, 'สุวรรณ์ คงสง (ด้วง)', 'ตรวจเช็คห้อง: EE Room 11-1 ชั้น: 11 รอบ: \'บ่าย\' สถานะ: ปกติ', 'OS X', '2022-05-18 07:26:05', '2022-05-18 07:26:05'),
(399, 'สุวรรณ์ คงสง (ด้วง)', 'ตรวจเช็คห้อง: EE Room 10 ชั้น: 10 รอบ: \'บ่าย\' สถานะ: ปกติ', 'OS X', '2022-05-18 07:28:02', '2022-05-18 07:28:02'),
(400, 'สุวรรณ์ คงสง (ด้วง)', 'ตรวจเช็คห้อง: EE Room 9 ชั้น: 9 รอบ: \'บ่าย\' สถานะ: ปกติ', 'OS X', '2022-05-18 07:29:45', '2022-05-18 07:29:45'),
(401, 'สุวรรณ์ คงสง (ด้วง)', 'ตรวจเช็คห้อง: EE Room 9-1 ชั้น: 9 รอบ: \'บ่าย\' สถานะ: ปกติ', 'OS X', '2022-05-18 07:31:33', '2022-05-18 07:31:33'),
(402, 'สุวรรณ์ คงสง (ด้วง)', 'ตรวจเช็คห้อง: EE Room 8 ชั้น: 8 รอบ: \'บ่าย\' สถานะ: ปกติ', 'OS X', '2022-05-18 07:35:09', '2022-05-18 07:35:09'),
(403, 'สุวรรณ์ คงสง (ด้วง)', 'ตรวจเช็คห้อง: EE Room 7 ชั้น: 7 รอบ: \'บ่าย\' สถานะ: ปกติ', 'OS X', '2022-05-18 07:37:35', '2022-05-18 07:37:35'),
(404, 'สุวรรณ์ คงสง (ด้วง)', 'ตรวจเช็คห้อง: EE Room 7-1 ชั้น: 7 รอบ: \'บ่าย\' สถานะ: ปกติ', 'OS X', '2022-05-18 07:39:38', '2022-05-18 07:39:38'),
(405, 'สุวรรณ์ คงสง (ด้วง)', 'ตรวจเช็คห้อง: EE Room 6 ชั้น: 6 รอบ: \'บ่าย\' สถานะ: ปกติ', 'OS X', '2022-05-18 07:41:47', '2022-05-18 07:41:47'),
(406, 'สุวรรณ์ คงสง (ด้วง)', 'ตรวจเช็คห้อง: Generator Room ชั้น: 6 รอบ: \'บ่าย\' สถานะ: ปกติ', 'OS X', '2022-05-18 07:44:27', '2022-05-18 07:44:27'),
(407, 'สุวรรณ์ คงสง (ด้วง)', 'ตรวจเช็คห้อง: Fan Room 4 ชั้น: 4 รอบ: \'บ่าย\' สถานะ: ปกติ', 'OS X', '2022-05-18 07:48:18', '2022-05-18 07:48:18'),
(408, 'สุวรรณ์ คงสง (ด้วง)', 'ตรวจเช็คห้อง: EE Room 4 ชั้น: 4 รอบ: \'บ่าย\' สถานะ: ปกติ', 'OS X', '2022-05-18 07:49:21', '2022-05-18 07:49:21'),
(409, 'สุวรรณ์ คงสง (ด้วง)', 'ตรวจเช็คห้อง: Pressurized Fan ชั้น: 4 รอบ: \'บ่าย\' สถานะ: ปกติ', 'OS X', '2022-05-18 07:50:03', '2022-05-18 07:50:03'),
(410, 'สุวรรณ์ คงสง (ด้วง)', 'ตรวจเช็คห้อง: EE Room 2 ชั้น: 2 รอบ: \'บ่าย\' สถานะ: ปกติ', 'OS X', '2022-05-18 07:53:17', '2022-05-18 07:53:17'),
(411, 'สุวรรณ์ คงสง (ด้วง)', 'ตรวจเช็คห้อง: EE Room 3 ชั้น: 3 รอบ: \'บ่าย\' สถานะ: ปกติ', 'OS X', '2022-05-18 07:55:25', '2022-05-18 07:55:25'),
(412, 'สุวรรณ์ คงสง (ด้วง)', 'ตรวจเช็คห้อง: HV Room ชั้น: 1 รอบ: \'บ่าย\' สถานะ: ปกติ', 'OS X', '2022-05-18 07:56:38', '2022-05-18 07:56:38'),
(413, 'สุวรรณ์ คงสง (ด้วง)', 'ตรวจเช็คห้อง: RMU Room ชั้น: 1 รอบ: \'บ่าย\' สถานะ: ปกติ', 'OS X', '2022-05-18 07:57:47', '2022-05-18 07:57:47'),
(414, 'สุวรรณ์ คงสง (ด้วง)', 'ตรวจเช็คห้อง: Fire Pump Room ชั้น: 1 รอบ: \'บ่าย\' สถานะ: ปกติ', 'OS X', '2022-05-18 08:00:29', '2022-05-18 08:00:29'),
(415, 'สุวรรณ์ คงสง (ด้วง)', 'ตรวจเช็คห้อง: Fire Command Room ชั้น: 1 รอบ: \'บ่าย\' สถานะ: ปกติ', 'OS X', '2022-05-18 08:01:34', '2022-05-18 08:01:34'),
(416, 'โยธิน วิริยะโชติ (กัน)', 'ตรวจเช็คห้อง: Chiller Room ชั้น: 5 รอบ: \'ค่ำ\' สถานะ: ปกติ', 'AndroidOS', '2022-05-18 22:30:52', '2022-05-18 22:30:52'),
(417, 'โยธิน วิริยะโชติ (กัน)', 'ตรวจเช็คห้อง: MDB Room ชั้น: 5 รอบ: \'ค่ำ\' สถานะ: ปกติ', 'AndroidOS', '2022-05-18 22:37:29', '2022-05-18 22:37:29'),
(418, 'โยธิน วิริยะโชติ (กัน)', 'ตรวจเช็คห้อง: EE Room 15 ชั้น: 15 รอบ: \'ค่ำ\' สถานะ: ปกติ', 'AndroidOS', '2022-05-18 22:38:58', '2022-05-18 22:38:58'),
(419, 'โยธิน วิริยะโชติ (กัน)', 'ตรวจเช็คห้อง: EE Room 14 ชั้น: 14 รอบ: \'ค่ำ\' สถานะ: ปกติ', 'AndroidOS', '2022-05-18 22:39:37', '2022-05-18 22:39:37'),
(420, 'โยธิน วิริยะโชติ (กัน)', 'ตรวจเช็คห้อง: EE Room 14-1 ชั้น: 14 รอบ: \'ค่ำ\' สถานะ: ปกติ', 'AndroidOS', '2022-05-18 22:40:12', '2022-05-18 22:40:12'),
(421, 'โยธิน วิริยะโชติ (กัน)', 'ตรวจเช็คห้อง: EE Room 12 ชั้น: 12 รอบ: \'ค่ำ\' สถานะ: ปกติ', 'AndroidOS', '2022-05-18 22:40:58', '2022-05-18 22:40:58'),
(422, 'โยธิน วิริยะโชติ (กัน)', 'ตรวจเช็คห้อง: EE Room 11 ชั้น: 11 รอบ: \'ค่ำ\' สถานะ: ปกติ', 'AndroidOS', '2022-05-18 22:41:34', '2022-05-18 22:41:34'),
(423, 'โยธิน วิริยะโชติ (กัน)', 'ตรวจเช็คห้อง: EE Room 11-1 ชั้น: 11 รอบ: \'ค่ำ\' สถานะ: ปกติ', 'AndroidOS', '2022-05-18 22:42:56', '2022-05-18 22:42:56'),
(424, 'โยธิน วิริยะโชติ (กัน)', 'ตรวจเช็คห้อง: EE Room 10 ชั้น: 10 รอบ: \'ค่ำ\' สถานะ: ปกติ', 'AndroidOS', '2022-05-18 22:43:54', '2022-05-18 22:43:54'),
(425, 'โยธิน วิริยะโชติ (กัน)', 'ตรวจเช็คห้อง: EE Room 9 ชั้น: 9 รอบ: \'ค่ำ\' สถานะ: ปกติ', 'AndroidOS', '2022-05-18 22:44:44', '2022-05-18 22:44:44'),
(426, 'โยธิน วิริยะโชติ (กัน)', 'ตรวจเช็คห้อง: EE Room 9-1 ชั้น: 9 รอบ: \'ค่ำ\' สถานะ: ปกติ', 'AndroidOS', '2022-05-18 22:45:13', '2022-05-18 22:45:13'),
(427, 'โยธิน วิริยะโชติ (กัน)', 'ตรวจเช็คห้อง: EE Room 8 ชั้น: 8 รอบ: \'ค่ำ\' สถานะ: ปกติ', 'AndroidOS', '2022-05-18 22:45:50', '2022-05-18 22:45:50'),
(428, 'โยธิน วิริยะโชติ (กัน)', 'ตรวจเช็คห้อง: EE Room 7 ชั้น: 7 รอบ: \'ค่ำ\' สถานะ: ปกติ', 'AndroidOS', '2022-05-18 22:46:24', '2022-05-18 22:46:24'),
(429, 'โยธิน วิริยะโชติ (กัน)', 'ตรวจเช็คห้อง: EE Room 7-1 ชั้น: 7 รอบ: \'ค่ำ\' สถานะ: ปกติ', 'AndroidOS', '2022-05-18 22:46:45', '2022-05-18 22:46:45'),
(430, 'โยธิน วิริยะโชติ (กัน)', 'ตรวจเช็คห้อง: EE Room 6 ชั้น: 6 รอบ: \'ค่ำ\' สถานะ: ปกติ', 'AndroidOS', '2022-05-18 22:47:41', '2022-05-18 22:47:41'),
(431, 'โยธิน วิริยะโชติ (กัน)', 'ตรวจเช็คห้อง: Generator Room ชั้น: 6 รอบ: \'ค่ำ\' สถานะ: ปกติ', 'AndroidOS', '2022-05-18 22:48:02', '2022-05-18 22:48:02'),
(432, 'โยธิน วิริยะโชติ (กัน)', 'ตรวจเช็คห้อง: Fan Room 4 ชั้น: 4 รอบ: \'ค่ำ\' สถานะ: ปกติ', 'AndroidOS', '2022-05-18 22:49:20', '2022-05-18 22:49:20'),
(433, 'โยธิน วิริยะโชติ (กัน)', 'ตรวจเช็คห้อง: EE Room 4 ชั้น: 4 รอบ: \'ค่ำ\' สถานะ: ปกติ', 'AndroidOS', '2022-05-18 22:49:41', '2022-05-18 22:49:41'),
(434, 'โยธิน วิริยะโชติ (กัน)', 'ตรวจเช็คห้อง: Pressurized Fan ชั้น: 4 รอบ: \'ค่ำ\' สถานะ: ปกติ', 'AndroidOS', '2022-05-18 22:50:31', '2022-05-18 22:50:31'),
(435, 'โยธิน วิริยะโชติ (กัน)', 'ตรวจเช็คห้อง: EE Room 2 ชั้น: 2 รอบ: \'ค่ำ\' สถานะ: ปกติ', 'AndroidOS', '2022-05-18 22:52:33', '2022-05-18 22:52:33'),
(436, 'โยธิน วิริยะโชติ (กัน)', 'ตรวจเช็คห้อง: Fire Command Room ชั้น: 1 รอบ: \'ค่ำ\' สถานะ: ปกติ', 'AndroidOS', '2022-05-18 22:53:51', '2022-05-18 22:53:51'),
(437, 'โยธิน วิริยะโชติ (กัน)', 'ตรวจเช็คห้อง: Fire Pump Room ชั้น: 1 รอบ: \'ค่ำ\' สถานะ: ปกติ', 'AndroidOS', '2022-05-18 22:54:41', '2022-05-18 22:54:41'),
(438, 'โยธิน วิริยะโชติ (กัน)', 'ตรวจเช็คห้อง: RMU Room ชั้น: 1 รอบ: \'ค่ำ\' สถานะ: ปกติ', 'AndroidOS', '2022-05-18 22:56:23', '2022-05-18 22:56:23'),
(439, 'โยธิน วิริยะโชติ (กัน)', 'ตรวจเช็คห้อง: HV Room ชั้น: 1 รอบ: \'ค่ำ\' สถานะ: ปกติ', 'AndroidOS', '2022-05-18 22:56:43', '2022-05-18 22:56:43'),
(440, 'กันตวรรธน์ ดวงธนู (บอล)', 'ตรวจเช็คห้อง: MDB Room ชั้น: 5 รอบ: \'บ่าย\' สถานะ: ปกติ', 'OS X', '2022-05-19 13:20:33', '2022-05-19 13:20:33'),
(441, 'กันตวรรธน์ ดวงธนู (บอล)', 'ตรวจเช็คห้อง: Chiller Room ชั้น: 5 รอบ: \'บ่าย\' สถานะ: ปกติ', 'OS X', '2022-05-19 13:21:13', '2022-05-19 13:21:13'),
(442, 'กันตวรรธน์ ดวงธนู (บอล)', 'ตรวจเช็คห้อง: EE Room 4 ชั้น: 4 รอบ: \'บ่าย\' สถานะ: ปกติ', 'OS X', '2022-05-19 13:22:58', '2022-05-19 13:22:58'),
(443, 'กันตวรรธน์ ดวงธนู (บอล)', 'ตรวจเช็คห้อง: Fan Room 4 ชั้น: 4 รอบ: \'บ่าย\' สถานะ: ปกติ', 'OS X', '2022-05-19 13:24:00', '2022-05-19 13:24:00'),
(444, 'กันตวรรธน์ ดวงธนู (บอล)', 'ตรวจเช็คห้อง: Pressurized Fan ชั้น: 4 รอบ: \'บ่าย\' สถานะ: ปกติ', 'OS X', '2022-05-19 13:24:53', '2022-05-19 13:24:53'),
(445, 'กันตวรรธน์ ดวงธนู (บอล)', 'ตรวจเช็คห้อง: EE Room 2 ชั้น: 2 รอบ: \'บ่าย\' สถานะ: ปกติ', 'OS X', '2022-05-19 13:27:33', '2022-05-19 13:27:33'),
(446, 'กันตวรรธน์ ดวงธนู (บอล)', 'ตรวจเช็คห้อง: Fire Command Room ชั้น: 1 รอบ: \'บ่าย\' สถานะ: ปกติ', 'OS X', '2022-05-19 13:28:33', '2022-05-19 13:28:33'),
(447, 'กันตวรรธน์ ดวงธนู (บอล)', 'ตรวจเช็คห้อง: Fire Pump Room ชั้น: 1 รอบ: \'บ่าย\' สถานะ: ปกติ', 'OS X', '2022-05-19 13:29:36', '2022-05-19 13:29:36'),
(448, 'กันตวรรธน์ ดวงธนู (บอล)', 'ตรวจเช็คห้อง: RMU Room ชั้น: 1 รอบ: \'บ่าย\' สถานะ: ปกติ', 'OS X', '2022-05-19 13:30:51', '2022-05-19 13:30:51'),
(449, 'กันตวรรธน์ ดวงธนู (บอล)', 'ตรวจเช็คห้อง: HV Room ชั้น: 1 รอบ: \'บ่าย\' สถานะ: ปกติ', 'OS X', '2022-05-19 13:34:05', '2022-05-19 13:34:05'),
(450, 'กันตวรรธน์ ดวงธนู (บอล)', 'ตรวจเช็คห้อง: EE Room 15 ชั้น: 15 รอบ: \'บ่าย\' สถานะ: ปกติ', 'OS X', '2022-05-19 13:43:02', '2022-05-19 13:43:02'),
(451, 'กันตวรรธน์ ดวงธนู (บอล)', 'ตรวจเช็คห้อง: EE Room 14 ชั้น: 14 รอบ: \'บ่าย\' สถานะ: ปกติ', 'OS X', '2022-05-19 13:45:34', '2022-05-19 13:45:34'),
(452, 'กันตวรรธน์ ดวงธนู (บอล)', 'ตรวจเช็คห้อง: EE Room 14-1 ชั้น: 14 รอบ: \'บ่าย\' สถานะ: ปกติ', 'OS X', '2022-05-19 13:46:06', '2022-05-19 13:46:06'),
(453, 'กันตวรรธน์ ดวงธนู (บอล)', 'ตรวจเช็คห้อง: EE Room 12 ชั้น: 12 รอบ: \'บ่าย\' สถานะ: ปกติ', 'OS X', '2022-05-19 13:46:58', '2022-05-19 13:46:58'),
(454, 'กันตวรรธน์ ดวงธนู (บอล)', 'ตรวจเช็คห้อง: EE Room 11 ชั้น: 11 รอบ: \'บ่าย\' สถานะ: ปกติ', 'OS X', '2022-05-19 13:47:44', '2022-05-19 13:47:44'),
(455, 'กันตวรรธน์ ดวงธนู (บอล)', 'ตรวจเช็คห้อง: EE Room 11-1 ชั้น: 11 รอบ: \'บ่าย\' สถานะ: ปกติ', 'OS X', '2022-05-19 13:48:16', '2022-05-19 13:48:16'),
(456, 'กันตวรรธน์ ดวงธนู (บอล)', 'ตรวจเช็คห้อง: EE Room 10 ชั้น: 10 รอบ: \'บ่าย\' สถานะ: ปกติ', 'OS X', '2022-05-19 13:49:21', '2022-05-19 13:49:21'),
(457, 'กันตวรรธน์ ดวงธนู (บอล)', 'ตรวจเช็คห้อง: EE Room 9 ชั้น: 9 รอบ: \'บ่าย\' สถานะ: ปกติ', 'OS X', '2022-05-19 13:50:12', '2022-05-19 13:50:12'),
(458, 'กันตวรรธน์ ดวงธนู (บอล)', 'ตรวจเช็คห้อง: EE Room 9-1 ชั้น: 9 รอบ: \'บ่าย\' สถานะ: ปกติ', 'OS X', '2022-05-19 13:50:38', '2022-05-19 13:50:38'),
(459, 'กันตวรรธน์ ดวงธนู (บอล)', 'ตรวจเช็คห้อง: EE Room 8 ชั้น: 8 รอบ: \'บ่าย\' สถานะ: ปกติ', 'OS X', '2022-05-19 13:51:23', '2022-05-19 13:51:23'),
(460, 'กันตวรรธน์ ดวงธนู (บอล)', 'ตรวจเช็คห้อง: EE Room 7 ชั้น: 7 รอบ: \'บ่าย\' สถานะ: ปกติ', 'OS X', '2022-05-19 13:52:02', '2022-05-19 13:52:02'),
(461, 'กันตวรรธน์ ดวงธนู (บอล)', 'ตรวจเช็คห้อง: EE Room 7-1 ชั้น: 7 รอบ: \'บ่าย\' สถานะ: ปกติ', 'OS X', '2022-05-19 13:52:24', '2022-05-19 13:52:24'),
(462, 'กันตวรรธน์ ดวงธนู (บอล)', 'ตรวจเช็คห้อง: EE Room 6 ชั้น: 6 รอบ: \'บ่าย\' สถานะ: ปกติ', 'OS X', '2022-05-19 13:53:21', '2022-05-19 13:53:21'),
(463, 'กันตวรรธน์ ดวงธนู (บอล)', 'ตรวจเช็คห้อง: Generator Room ชั้น: 6 รอบ: \'บ่าย\' สถานะ: ปกติ', 'OS X', '2022-05-19 13:53:43', '2022-05-19 13:53:43'),
(464, 'คณาวุฒิ แก้วทองคำ (กิฟ)', 'ตรวจเช็คห้อง: MDB Room ชั้น: 5 รอบ: \'ค่ำ\' สถานะ: ปกติ', 'iOS', '2022-05-19 22:30:13', '2022-05-19 22:30:13'),
(465, 'คณาวุฒิ แก้วทองคำ (กิฟ)', 'ตรวจเช็คห้อง: Chiller Room ชั้น: 5 รอบ: \'ค่ำ\' สถานะ: ปกติ', 'iOS', '2022-05-19 22:31:03', '2022-05-19 22:31:03'),
(466, 'คณาวุฒิ แก้วทองคำ (กิฟ)', 'ตรวจเช็คห้อง: Pressurized Fan ชั้น: 4 รอบ: \'ค่ำ\' สถานะ: ปกติ', 'iOS', '2022-05-19 22:32:32', '2022-05-19 22:32:32'),
(467, 'คณาวุฒิ แก้วทองคำ (กิฟ)', 'ตรวจเช็คห้อง: EE Room 4 ชั้น: 4 รอบ: \'ค่ำ\' สถานะ: ปกติ', 'iOS', '2022-05-19 22:33:07', '2022-05-19 22:33:07'),
(468, 'คณาวุฒิ แก้วทองคำ (กิฟ)', 'ตรวจเช็คห้อง: Fan Room 4 ชั้น: 4 รอบ: \'ค่ำ\' สถานะ: ปกติ', 'iOS', '2022-05-19 22:34:15', '2022-05-19 22:34:15'),
(469, 'คณาวุฒิ แก้วทองคำ (กิฟ)', 'ตรวจเช็คห้อง: EE Room 2 ชั้น: 2 รอบ: \'ค่ำ\' สถานะ: ปกติ', 'iOS', '2022-05-19 22:35:43', '2022-05-19 22:35:43'),
(470, 'คณาวุฒิ แก้วทองคำ (กิฟ)', 'ตรวจเช็คห้อง: HV Room ชั้น: 1 รอบ: \'ค่ำ\' สถานะ: ปกติ', 'iOS', '2022-05-19 22:36:59', '2022-05-19 22:36:59'),
(471, 'คณาวุฒิ แก้วทองคำ (กิฟ)', 'ตรวจเช็คห้อง: RMU Room ชั้น: 1 รอบ: \'ค่ำ\' สถานะ: ปกติ', 'iOS', '2022-05-19 22:37:35', '2022-05-19 22:37:35'),
(472, 'คณาวุฒิ แก้วทองคำ (กิฟ)', 'ตรวจเช็คห้อง: Fire Pump Room ชั้น: 1 รอบ: \'ค่ำ\' สถานะ: ปกติ', 'iOS', '2022-05-19 22:40:44', '2022-05-19 22:40:44'),
(473, 'คณาวุฒิ แก้วทองคำ (กิฟ)', 'ตรวจเช็คห้อง: Fire Command Room ชั้น: 1 รอบ: \'ค่ำ\' สถานะ: ปกติ', 'iOS', '2022-05-19 22:41:22', '2022-05-19 22:41:22'),
(474, 'คณาวุฒิ แก้วทองคำ (กิฟ)', 'ตรวจเช็คห้อง: EE Room 15 ชั้น: 15 รอบ: \'ค่ำ\' สถานะ: ปกติ', 'iOS', '2022-05-19 22:45:58', '2022-05-19 22:45:58'),
(475, 'คณาวุฒิ แก้วทองคำ (กิฟ)', 'ตรวจเช็คห้อง: EE Room 14 ชั้น: 14 รอบ: \'ค่ำ\' สถานะ: ปกติ', 'iOS', '2022-05-19 22:46:49', '2022-05-19 22:46:49'),
(476, 'คณาวุฒิ แก้วทองคำ (กิฟ)', 'ตรวจเช็คห้อง: EE Room 14-1 ชั้น: 14 รอบ: \'ค่ำ\' สถานะ: ปกติ', 'iOS', '2022-05-19 22:47:23', '2022-05-19 22:47:23'),
(477, 'คณาวุฒิ แก้วทองคำ (กิฟ)', 'ตรวจเช็คห้อง: EE Room 12 ชั้น: 12 รอบ: \'ค่ำ\' สถานะ: พบปัญหา', 'iOS', '2022-05-19 22:49:09', '2022-05-19 22:49:09'),
(478, 'คณาวุฒิ แก้วทองคำ (กิฟ)', 'ตรวจเช็คห้อง: EE Room 11 ชั้น: 11 รอบ: \'ค่ำ\' สถานะ: ปกติ', 'iOS', '2022-05-19 22:49:42', '2022-05-19 22:49:42'),
(479, 'คณาวุฒิ แก้วทองคำ (กิฟ)', 'ตรวจเช็คห้อง: EE Room 11-1 ชั้น: 11 รอบ: \'ค่ำ\' สถานะ: ปกติ', 'iOS', '2022-05-19 22:50:13', '2022-05-19 22:50:13'),
(480, 'คณาวุฒิ แก้วทองคำ (กิฟ)', 'ตรวจเช็คห้อง: EE Room 10 ชั้น: 10 รอบ: \'ค่ำ\' สถานะ: ปกติ', 'iOS', '2022-05-19 22:51:24', '2022-05-19 22:51:24'),
(481, 'คณาวุฒิ แก้วทองคำ (กิฟ)', 'ตรวจเช็คห้อง: EE Room 9 ชั้น: 9 รอบ: \'ค่ำ\' สถานะ: ปกติ', 'iOS', '2022-05-19 22:52:17', '2022-05-19 22:52:17'),
(482, 'คณาวุฒิ แก้วทองคำ (กิฟ)', 'ตรวจเช็คห้อง: EE Room 9-1 ชั้น: 9 รอบ: \'ค่ำ\' สถานะ: ปกติ', 'iOS', '2022-05-19 22:52:42', '2022-05-19 22:52:42'),
(483, 'คณาวุฒิ แก้วทองคำ (กิฟ)', 'ตรวจเช็คห้อง: EE Room 8 ชั้น: 8 รอบ: \'ค่ำ\' สถานะ: ปกติ', 'iOS', '2022-05-19 22:53:23', '2022-05-19 22:53:23'),
(484, 'คณาวุฒิ แก้วทองคำ (กิฟ)', 'ตรวจเช็คห้อง: EE Room 7 ชั้น: 7 รอบ: \'ค่ำ\' สถานะ: ปกติ', 'iOS', '2022-05-19 22:54:08', '2022-05-19 22:54:08'),
(485, 'คณาวุฒิ แก้วทองคำ (กิฟ)', 'ตรวจเช็คห้อง: EE Room 7-1 ชั้น: 7 รอบ: \'ค่ำ\' สถานะ: ปกติ', 'iOS', '2022-05-19 22:54:34', '2022-05-19 22:54:34'),
(486, 'คณาวุฒิ แก้วทองคำ (กิฟ)', 'ตรวจเช็คห้อง: EE Room 6 ชั้น: 6 รอบ: \'ค่ำ\' สถานะ: ปกติ', 'iOS', '2022-05-19 22:55:40', '2022-05-19 22:55:40'),
(487, 'คณาวุฒิ แก้วทองคำ (กิฟ)', 'ตรวจเช็คห้อง: Generator Room ชั้น: 6 รอบ: \'ค่ำ\' สถานะ: ปกติ', 'iOS', '2022-05-19 22:56:12', '2022-05-19 22:56:12'),
(488, 'กันตวรรธน์ ดวงธนู (บอล)', 'ตรวจเช็คห้อง: Chiller Room ชั้น: 5 รอบ: \'บ่าย\' สถานะ: ปกติ', 'OS X', '2022-05-20 07:37:38', '2022-05-20 07:37:38'),
(489, 'กันตวรรธน์ ดวงธนู (บอล)', 'ตรวจเช็คห้อง: Pressurized Fan ชั้น: 4 รอบ: \'บ่าย\' สถานะ: ปกติ', 'OS X', '2022-05-20 07:40:07', '2022-05-20 07:40:07'),
(490, 'กันตวรรธน์ ดวงธนู (บอล)', 'ตรวจเช็คห้อง: Fan Room 4 ชั้น: 4 รอบ: \'บ่าย\' สถานะ: ปกติ', 'OS X', '2022-05-20 07:40:58', '2022-05-20 07:40:58'),
(491, 'กันตวรรธน์ ดวงธนู (บอล)', 'ตรวจเช็คห้อง: EE Room 4 ชั้น: 4 รอบ: \'บ่าย\' สถานะ: ปกติ', 'OS X', '2022-05-20 07:41:37', '2022-05-20 07:41:37'),
(492, 'กันตวรรธน์ ดวงธนู (บอล)', 'ตรวจเช็คห้อง: EE Room 2 ชั้น: 2 รอบ: \'บ่าย\' สถานะ: ปกติ', 'OS X', '2022-05-20 07:43:20', '2022-05-20 07:43:20'),
(493, 'กันตวรรธน์ ดวงธนู (บอล)', 'ตรวจเช็คห้อง: Fire Command Room ชั้น: 1 รอบ: \'บ่าย\' สถานะ: ปกติ', 'OS X', '2022-05-20 07:44:13', '2022-05-20 07:44:13'),
(494, 'กันตวรรธน์ ดวงธนู (บอล)', 'ตรวจเช็คห้อง: Fire Pump Room ชั้น: 1 รอบ: \'บ่าย\' สถานะ: ปกติ', 'OS X', '2022-05-20 07:45:15', '2022-05-20 07:45:15'),
(495, 'กันตวรรธน์ ดวงธนู (บอล)', 'ตรวจเช็คห้อง: RMU Room ชั้น: 1 รอบ: \'บ่าย\' สถานะ: ปกติ', 'OS X', '2022-05-20 07:46:10', '2022-05-20 07:46:10'),
(496, 'กันตวรรธน์ ดวงธนู (บอล)', 'ตรวจเช็คห้อง: HV Room ชั้น: 1 รอบ: \'บ่าย\' สถานะ: ปกติ', 'OS X', '2022-05-20 07:46:39', '2022-05-20 07:46:39'),
(497, 'กันตวรรธน์ ดวงธนู (บอล)', 'ตรวจเช็คห้อง: EE Room 15 ชั้น: 15 รอบ: \'บ่าย\' สถานะ: ปกติ', 'OS X', '2022-05-20 07:59:02', '2022-05-20 07:59:02'),
(498, 'กันตวรรธน์ ดวงธนู (บอล)', 'ตรวจเช็คห้อง: EE Room 14-1 ชั้น: 14 รอบ: \'บ่าย\' สถานะ: ปกติ', 'OS X', '2022-05-20 08:13:07', '2022-05-20 08:13:07'),
(499, 'กันตวรรธน์ ดวงธนู (บอล)', 'ตรวจเช็คห้อง: EE Room 14 ชั้น: 14 รอบ: \'บ่าย\' สถานะ: ปกติ', 'OS X', '2022-05-20 08:13:47', '2022-05-20 08:13:47'),
(500, 'กันตวรรธน์ ดวงธนู (บอล)', 'ตรวจเช็คห้อง: EE Room 12 ชั้น: 12 รอบ: \'บ่าย\' สถานะ: ปกติ', 'OS X', '2022-05-20 08:14:38', '2022-05-20 08:14:38'),
(501, 'กันตวรรธน์ ดวงธนู (บอล)', 'ตรวจเช็คห้อง: EE Room 11 ชั้น: 11 รอบ: \'บ่าย\' สถานะ: ปกติ', 'OS X', '2022-05-20 08:15:20', '2022-05-20 08:15:20'),
(502, 'กันตวรรธน์ ดวงธนู (บอล)', 'ตรวจเช็คห้อง: EE Room 11-1 ชั้น: 11 รอบ: \'บ่าย\' สถานะ: ปกติ', 'OS X', '2022-05-20 08:15:57', '2022-05-20 08:15:57'),
(503, 'กันตวรรธน์ ดวงธนู (บอล)', 'ตรวจเช็คห้อง: EE Room 10 ชั้น: 10 รอบ: \'บ่าย\' สถานะ: ปกติ', 'OS X', '2022-05-20 08:17:08', '2022-05-20 08:17:08'),
(504, 'กันตวรรธน์ ดวงธนู (บอล)', 'ตรวจเช็คห้อง: EE Room 9 ชั้น: 9 รอบ: \'บ่าย\' สถานะ: ปกติ', 'OS X', '2022-05-20 08:18:09', '2022-05-20 08:18:09'),
(505, 'กันตวรรธน์ ดวงธนู (บอล)', 'ตรวจเช็คห้อง: EE Room 8 ชั้น: 8 รอบ: \'บ่าย\' สถานะ: ปกติ', 'OS X', '2022-05-20 08:19:02', '2022-05-20 08:19:02'),
(506, 'กันตวรรธน์ ดวงธนู (บอล)', 'ตรวจเช็คห้อง: EE Room 7 ชั้น: 7 รอบ: \'บ่าย\' สถานะ: ปกติ', 'OS X', '2022-05-20 08:20:30', '2022-05-20 08:20:30'),
(507, 'กันตวรรธน์ ดวงธนู (บอล)', 'ตรวจเช็คห้อง: EE Room 7-1 ชั้น: 7 รอบ: \'บ่าย\' สถานะ: ปกติ', 'OS X', '2022-05-20 08:21:02', '2022-05-20 08:21:02'),
(508, 'กันตวรรธน์ ดวงธนู (บอล)', 'ตรวจเช็คห้อง: EE Room 6 ชั้น: 6 รอบ: \'บ่าย\' สถานะ: ปกติ', 'OS X', '2022-05-20 08:22:10', '2022-05-20 08:22:10'),
(509, 'กันตวรรธน์ ดวงธนู (บอล)', 'ตรวจเช็คห้อง: Generator Room ชั้น: 6 รอบ: \'บ่าย\' สถานะ: ปกติ', 'OS X', '2022-05-20 08:22:41', '2022-05-20 08:22:41'),
(510, 'กันตวรรธน์ ดวงธนู (บอล)', 'ตรวจเช็คห้อง: MDB Room ชั้น: 5 รอบ: \'บ่าย\' สถานะ: ปกติ', 'OS X', '2022-05-20 08:41:00', '2022-05-20 08:41:00'),
(511, 'คณาวุฒิ แก้วทองคำ (กิฟ)', 'ตรวจเช็คห้อง: HV Room ชั้น: 1 รอบ: \'ค่ำ\' สถานะ: ปกติ', 'iOS', '2022-05-20 15:31:49', '2022-05-20 15:31:49'),
(512, 'คณาวุฒิ แก้วทองคำ (กิฟ)', 'ตรวจเช็คห้อง: RMU Room ชั้น: 1 รอบ: \'ค่ำ\' สถานะ: ปกติ', 'iOS', '2022-05-20 15:32:23', '2022-05-20 15:32:23'),
(513, 'คณาวุฒิ แก้วทองคำ (กิฟ)', 'ตรวจเช็คห้อง: Fire Pump Room ชั้น: 1 รอบ: \'ค่ำ\' สถานะ: ปกติ', 'iOS', '2022-05-20 15:34:21', '2022-05-20 15:34:21'),
(514, 'คณาวุฒิ แก้วทองคำ (กิฟ)', 'ตรวจเช็คห้อง: Fire Command Room ชั้น: 1 รอบ: \'ค่ำ\' สถานะ: ปกติ', 'iOS', '2022-05-20 15:36:41', '2022-05-20 15:36:41'),
(515, 'คณาวุฒิ แก้วทองคำ (กิฟ)', 'ตรวจเช็คห้อง: EE Room 2 ชั้น: 2 รอบ: \'ค่ำ\' สถานะ: ปกติ', 'iOS', '2022-05-20 15:38:07', '2022-05-20 15:38:07'),
(516, 'คณาวุฒิ แก้วทองคำ (กิฟ)', 'ตรวจเช็คห้อง: EE Room 4 ชั้น: 4 รอบ: \'ค่ำ\' สถานะ: ปกติ', 'iOS', '2022-05-20 15:39:09', '2022-05-20 15:39:09'),
(517, 'คณาวุฒิ แก้วทองคำ (กิฟ)', 'ตรวจเช็คห้อง: Fan Room 4 ชั้น: 4 รอบ: \'ค่ำ\' สถานะ: ปกติ', 'iOS', '2022-05-20 15:40:32', '2022-05-20 15:40:32'),
(518, 'คณาวุฒิ แก้วทองคำ (กิฟ)', 'ตรวจเช็คห้อง: Pressurized Fan ชั้น: 4 รอบ: \'ค่ำ\' สถานะ: ปกติ', 'iOS', '2022-05-20 15:41:35', '2022-05-20 15:41:35'),
(519, 'คณาวุฒิ แก้วทองคำ (กิฟ)', 'ตรวจเช็คห้อง: EE Room 15 ชั้น: 15 รอบ: \'ค่ำ\' สถานะ: ปกติ', 'iOS', '2022-05-20 15:44:51', '2022-05-20 15:44:51'),
(520, 'คณาวุฒิ แก้วทองคำ (กิฟ)', 'ตรวจเช็คห้อง: EE Room 14 ชั้น: 14 รอบ: \'ค่ำ\' สถานะ: ปกติ', 'iOS', '2022-05-20 15:45:44', '2022-05-20 15:45:44'),
(521, 'คณาวุฒิ แก้วทองคำ (กิฟ)', 'ตรวจเช็คห้อง: EE Room 14-1 ชั้น: 14 รอบ: \'ค่ำ\' สถานะ: ปกติ', 'iOS', '2022-05-20 15:46:24', '2022-05-20 15:46:24'),
(522, 'คณาวุฒิ แก้วทองคำ (กิฟ)', 'ตรวจเช็คห้อง: EE Room 12 ชั้น: 12 รอบ: \'ค่ำ\' สถานะ: ปกติ', 'iOS', '2022-05-20 15:47:25', '2022-05-20 15:47:25'),
(523, 'คณาวุฒิ แก้วทองคำ (กิฟ)', 'ตรวจเช็คห้อง: EE Room 11 ชั้น: 11 รอบ: \'ค่ำ\' สถานะ: ปกติ', 'iOS', '2022-05-20 15:48:11', '2022-05-20 15:48:11'),
(524, 'คณาวุฒิ แก้วทองคำ (กิฟ)', 'ตรวจเช็คห้อง: EE Room 11-1 ชั้น: 11 รอบ: \'ค่ำ\' สถานะ: ปกติ', 'iOS', '2022-05-20 15:48:53', '2022-05-20 15:48:53'),
(525, 'คณาวุฒิ แก้วทองคำ (กิฟ)', 'ตรวจเช็คห้อง: EE Room 10 ชั้น: 10 รอบ: \'ค่ำ\' สถานะ: ปกติ', 'iOS', '2022-05-20 15:50:09', '2022-05-20 15:50:09'),
(526, 'คณาวุฒิ แก้วทองคำ (กิฟ)', 'ตรวจเช็คห้อง: EE Room 9 ชั้น: 9 รอบ: \'ค่ำ\' สถานะ: ปกติ', 'iOS', '2022-05-20 15:51:07', '2022-05-20 15:51:07'),
(527, 'คณาวุฒิ แก้วทองคำ (กิฟ)', 'ตรวจเช็คห้อง: EE Room 9-1 ชั้น: 9 รอบ: \'ค่ำ\' สถานะ: ปกติ', 'iOS', '2022-05-20 15:51:47', '2022-05-20 15:51:47'),
(528, 'คณาวุฒิ แก้วทองคำ (กิฟ)', 'ตรวจเช็คห้อง: EE Room 8 ชั้น: 8 รอบ: \'ค่ำ\' สถานะ: ปกติ', 'iOS', '2022-05-20 15:52:41', '2022-05-20 15:52:41'),
(529, 'คณาวุฒิ แก้วทองคำ (กิฟ)', 'ตรวจเช็คห้อง: EE Room 7 ชั้น: 7 รอบ: \'ค่ำ\' สถานะ: ปกติ', 'iOS', '2022-05-20 15:53:29', '2022-05-20 15:53:29'),
(530, 'คณาวุฒิ แก้วทองคำ (กิฟ)', 'ตรวจเช็คห้อง: EE Room 7-1 ชั้น: 7 รอบ: \'ค่ำ\' สถานะ: ปกติ', 'iOS', '2022-05-20 15:54:05', '2022-05-20 15:54:05'),
(531, 'คณาวุฒิ แก้วทองคำ (กิฟ)', 'ตรวจเช็คห้อง: EE Room 6 ชั้น: 6 รอบ: \'ค่ำ\' สถานะ: ปกติ', 'iOS', '2022-05-20 15:55:12', '2022-05-20 15:55:12'),
(532, 'คณาวุฒิ แก้วทองคำ (กิฟ)', 'ตรวจเช็คห้อง: Generator Room ชั้น: 6 รอบ: \'ค่ำ\' สถานะ: ปกติ', 'iOS', '2022-05-20 15:55:58', '2022-05-20 15:55:58'),
(533, 'คณาวุฒิ แก้วทองคำ (กิฟ)', 'ตรวจเช็คห้อง: MDB Room ชั้น: 5 รอบ: \'ค่ำ\' สถานะ: ปกติ', 'iOS', '2022-05-20 15:56:55', '2022-05-20 15:56:55'),
(534, 'คณาวุฒิ แก้วทองคำ (กิฟ)', 'ตรวจเช็คห้อง: Chiller Room ชั้น: 5 รอบ: \'ค่ำ\' สถานะ: ปกติ', 'iOS', '2022-05-20 15:58:16', '2022-05-20 15:58:16'),
(535, 'คณาวุฒิ แก้วทองคำ (กิฟ)', 'ตรวจเช็คห้อง: MDB Room ชั้น: 5 รอบ: \'เช้า\' สถานะ: ปกติ', 'iOS', '2022-05-20 22:21:03', '2022-05-20 22:21:03'),
(536, 'คณาวุฒิ แก้วทองคำ (กิฟ)', 'ตรวจเช็คห้อง: Chiller Room ชั้น: 5 รอบ: \'เช้า\' สถานะ: ปกติ', 'iOS', '2022-05-20 22:22:02', '2022-05-20 22:22:02'),
(537, 'คณาวุฒิ แก้วทองคำ (กิฟ)', 'ตรวจเช็คห้อง: Pressurized Fan ชั้น: 4 รอบ: \'เช้า\' สถานะ: ปกติ', 'iOS', '2022-05-20 22:25:06', '2022-05-20 22:25:06'),
(538, 'คณาวุฒิ แก้วทองคำ (กิฟ)', 'ตรวจเช็คห้อง: Fan Room 4 ชั้น: 4 รอบ: \'เช้า\' สถานะ: ปกติ', 'iOS', '2022-05-20 22:26:28', '2022-05-20 22:26:28'),
(539, 'คณาวุฒิ แก้วทองคำ (กิฟ)', 'ตรวจเช็คห้อง: EE Room 4 ชั้น: 4 รอบ: \'เช้า\' สถานะ: ปกติ', 'iOS', '2022-05-20 22:27:13', '2022-05-20 22:27:13'),
(540, 'คณาวุฒิ แก้วทองคำ (กิฟ)', 'ตรวจเช็คห้อง: EE Room 2 ชั้น: 2 รอบ: \'เช้า\' สถานะ: ปกติ', 'iOS', '2022-05-20 22:28:35', '2022-05-20 22:28:35'),
(541, 'คณาวุฒิ แก้วทองคำ (กิฟ)', 'ตรวจเช็คห้อง: HV Room ชั้น: 1 รอบ: \'เช้า\' สถานะ: ปกติ', 'iOS', '2022-05-20 22:29:47', '2022-05-20 22:29:47'),
(542, 'คณาวุฒิ แก้วทองคำ (กิฟ)', 'ตรวจเช็คห้อง: RMU Room ชั้น: 1 รอบ: \'เช้า\' สถานะ: ปกติ', 'iOS', '2022-05-20 22:30:24', '2022-05-20 22:30:24'),
(543, 'คณาวุฒิ แก้วทองคำ (กิฟ)', 'ตรวจเช็คห้อง: Fire Pump Room ชั้น: 1 รอบ: \'เช้า\' สถานะ: ปกติ', 'iOS', '2022-05-20 22:32:56', '2022-05-20 22:32:56'),
(544, 'คณาวุฒิ แก้วทองคำ (กิฟ)', 'ตรวจเช็คห้อง: Fire Command Room ชั้น: 1 รอบ: \'เช้า\' สถานะ: ปกติ', 'iOS', '2022-05-20 22:35:54', '2022-05-20 22:35:54'),
(545, 'คณาวุฒิ แก้วทองคำ (กิฟ)', 'ตรวจเช็คห้อง: EE Room 15 ชั้น: 15 รอบ: \'เช้า\' สถานะ: ปกติ', 'iOS', '2022-05-20 22:37:52', '2022-05-20 22:37:52'),
(546, 'คณาวุฒิ แก้วทองคำ (กิฟ)', 'ตรวจเช็คห้อง: EE Room 14 ชั้น: 14 รอบ: \'เช้า\' สถานะ: ปกติ', 'iOS', '2022-05-20 22:40:28', '2022-05-20 22:40:28'),
(547, 'คณาวุฒิ แก้วทองคำ (กิฟ)', 'ตรวจเช็คห้อง: EE Room 14-1 ชั้น: 14 รอบ: \'เช้า\' สถานะ: ปกติ', 'iOS', '2022-05-20 22:41:11', '2022-05-20 22:41:11'),
(548, 'คณาวุฒิ แก้วทองคำ (กิฟ)', 'ตรวจเช็คห้อง: EE Room 12 ชั้น: 12 รอบ: \'เช้า\' สถานะ: ปกติ', 'iOS', '2022-05-20 22:42:32', '2022-05-20 22:42:32'),
(549, 'คณาวุฒิ แก้วทองคำ (กิฟ)', 'ตรวจเช็คห้อง: EE Room 11 ชั้น: 11 รอบ: \'เช้า\' สถานะ: ปกติ', 'iOS', '2022-05-20 22:43:15', '2022-05-20 22:43:15'),
(550, 'คณาวุฒิ แก้วทองคำ (กิฟ)', 'ตรวจเช็คห้อง: EE Room 11-1 ชั้น: 11 รอบ: \'เช้า\' สถานะ: ปกติ', 'iOS', '2022-05-20 22:43:50', '2022-05-20 22:43:50'),
(551, 'คณาวุฒิ แก้วทองคำ (กิฟ)', 'ตรวจเช็คห้อง: EE Room 10 ชั้น: 10 รอบ: \'เช้า\' สถานะ: ปกติ', 'iOS', '2022-05-20 22:45:06', '2022-05-20 22:45:06'),
(552, 'คณาวุฒิ แก้วทองคำ (กิฟ)', 'ตรวจเช็คห้อง: EE Room 9 ชั้น: 9 รอบ: \'เช้า\' สถานะ: ปกติ', 'iOS', '2022-05-20 22:46:07', '2022-05-20 22:46:07'),
(553, 'คณาวุฒิ แก้วทองคำ (กิฟ)', 'ตรวจเช็คห้อง: EE Room 9-1 ชั้น: 9 รอบ: \'เช้า\' สถานะ: ปกติ', 'iOS', '2022-05-20 22:46:36', '2022-05-20 22:46:36'),
(554, 'คณาวุฒิ แก้วทองคำ (กิฟ)', 'ตรวจเช็คห้อง: EE Room 8 ชั้น: 8 รอบ: \'เช้า\' สถานะ: ปกติ', 'iOS', '2022-05-20 22:47:33', '2022-05-20 22:47:33'),
(555, 'คณาวุฒิ แก้วทองคำ (กิฟ)', 'ตรวจเช็คห้อง: EE Room 7 ชั้น: 7 รอบ: \'เช้า\' สถานะ: ปกติ', 'iOS', '2022-05-20 22:49:04', '2022-05-20 22:49:04'),
(556, 'คณาวุฒิ แก้วทองคำ (กิฟ)', 'ตรวจเช็คห้อง: EE Room 7-1 ชั้น: 7 รอบ: \'เช้า\' สถานะ: ปกติ', 'iOS', '2022-05-20 22:49:27', '2022-05-20 22:49:27'),
(557, 'คณาวุฒิ แก้วทองคำ (กิฟ)', 'ตรวจเช็คห้อง: Generator Room ชั้น: 6 รอบ: \'เช้า\' สถานะ: ปกติ', 'iOS', '2022-05-20 22:50:46', '2022-05-20 22:50:46'),
(558, 'คณาวุฒิ แก้วทองคำ (กิฟ)', 'ตรวจเช็คห้อง: EE Room 6 ชั้น: 6 รอบ: \'เช้า\' สถานะ: ปกติ', 'iOS', '2022-05-20 22:51:11', '2022-05-20 22:51:11'),
(559, 'โยธิน วิริยะโชติ (กัน)', 'ตรวจเช็คห้อง: Fire Pump Room ชั้น: 1 รอบ: \'เช้า\' สถานะ: ปกติ', 'iOS', '2022-05-21 01:39:24', '2022-05-21 01:39:24'),
(560, 'โยธิน วิริยะโชติ (กัน)', 'ตรวจเช็คห้อง: Fire Command Room ชั้น: 1 รอบ: \'เช้า\' สถานะ: ปกติ', 'iOS', '2022-05-21 01:39:51', '2022-05-21 01:39:51'),
(561, 'โยธิน วิริยะโชติ (กัน)', 'ตรวจเช็คห้อง: MDB Room ชั้น: 5 รอบ: \'เช้า\' สถานะ: ปกติ', 'iOS', '2022-05-21 01:42:00', '2022-05-21 01:42:00'),
(562, 'โยธิน วิริยะโชติ (กัน)', 'ตรวจเช็คห้อง: Chiller Room ชั้น: 5 รอบ: \'เช้า\' สถานะ: ปกติ', 'iOS', '2022-05-21 01:42:50', '2022-05-21 01:42:50'),
(563, 'โยธิน วิริยะโชติ (กัน)', 'ตรวจเช็คห้อง: EE Room 11-1 ชั้น: 11 รอบ: \'เช้า\' สถานะ: ปกติ', 'iOS', '2022-05-21 02:28:49', '2022-05-21 02:28:49'),
(564, 'โยธิน วิริยะโชติ (กัน)', 'ตรวจเช็คห้อง: EE Room 11 ชั้น: 11 รอบ: \'เช้า\' สถานะ: ปกติ', 'iOS', '2022-05-21 02:29:21', '2022-05-21 02:29:21'),
(565, 'โยธิน วิริยะโชติ (กัน)', 'ตรวจเช็คห้อง: EE Room 10 ชั้น: 10 รอบ: \'เช้า\' สถานะ: ปกติ', 'iOS', '2022-05-21 03:54:35', '2022-05-21 03:54:35'),
(566, 'โยธิน วิริยะโชติ (กัน)', 'ตรวจเช็คห้อง: EE Room 9 ชั้น: 9 รอบ: \'เช้า\' สถานะ: ปกติ', 'iOS', '2022-05-21 04:04:54', '2022-05-21 04:04:54'),
(567, 'โยธิน วิริยะโชติ (กัน)', 'ตรวจเช็คห้อง: EE Room 9-1 ชั้น: 9 รอบ: \'เช้า\' สถานะ: ปกติ', 'iOS', '2022-05-21 04:05:28', '2022-05-21 04:05:28'),
(568, 'โยธิน วิริยะโชติ (กัน)', 'ตรวจเช็คห้อง: EE Room 8 ชั้น: 8 รอบ: \'เช้า\' สถานะ: ปกติ', 'iOS', '2022-05-21 04:06:42', '2022-05-21 04:06:42'),
(569, 'โยธิน วิริยะโชติ (กัน)', 'ตรวจเช็คห้อง: EE Room 7 ชั้น: 7 รอบ: \'เช้า\' สถานะ: ปกติ', 'iOS', '2022-05-21 04:07:35', '2022-05-21 04:07:35'),
(570, 'โยธิน วิริยะโชติ (กัน)', 'ตรวจเช็คห้อง: EE Room 7-1 ชั้น: 7 รอบ: \'เช้า\' สถานะ: ปกติ', 'iOS', '2022-05-21 04:08:20', '2022-05-21 04:08:20'),
(571, 'โยธิน วิริยะโชติ (กัน)', 'ตรวจเช็คห้อง: Generator Room ชั้น: 6 รอบ: \'เช้า\' สถานะ: ปกติ', 'iOS', '2022-05-21 04:09:29', '2022-05-21 04:09:29'),
(572, 'โยธิน วิริยะโชติ (กัน)', 'ตรวจเช็คห้อง: Generator Room ชั้น: 6 รอบ: \'เช้า\' สถานะ: ปกติ', 'iOS', '2022-05-21 04:09:50', '2022-05-21 04:09:50'),
(573, 'โยธิน วิริยะโชติ (กัน)', 'ตรวจเช็คห้อง: EE Room 6 ชั้น: 6 รอบ: \'เช้า\' สถานะ: ปกติ', 'iOS', '2022-05-21 04:10:15', '2022-05-21 04:10:15'),
(574, 'โยธิน วิริยะโชติ (กัน)', 'ตรวจเช็คห้อง: Pressurized Fan ชั้น: 4 รอบ: \'เช้า\' สถานะ: ปกติ', 'iOS', '2022-05-21 04:11:46', '2022-05-21 04:11:46'),
(575, 'โยธิน วิริยะโชติ (กัน)', 'ตรวจเช็คห้อง: EE Room 4 ชั้น: 4 รอบ: \'เช้า\' สถานะ: ปกติ', 'iOS', '2022-05-21 04:12:09', '2022-05-21 04:12:09'),
(576, 'โยธิน วิริยะโชติ (กัน)', 'ตรวจเช็คห้อง: Fan Room 4 ชั้น: 4 รอบ: \'เช้า\' สถานะ: ปกติ', 'iOS', '2022-05-21 04:12:36', '2022-05-21 04:12:36'),
(577, 'โยธิน วิริยะโชติ (กัน)', 'ตรวจเช็คห้อง: EE Room 2 ชั้น: 2 รอบ: \'เช้า\' สถานะ: ปกติ', 'iOS', '2022-05-21 04:13:55', '2022-05-21 04:13:55'),
(578, 'โยธิน วิริยะโชติ (กัน)', 'ตรวจเช็คห้อง: HV Room ชั้น: 1 รอบ: \'เช้า\' สถานะ: ปกติ', 'iOS', '2022-05-21 04:15:18', '2022-05-21 04:15:18'),
(579, 'โยธิน วิริยะโชติ (กัน)', 'ตรวจเช็คห้อง: RMU Room ชั้น: 1 รอบ: \'เช้า\' สถานะ: ปกติ', 'iOS', '2022-05-21 04:15:50', '2022-05-21 04:15:50'),
(580, 'โยธิน วิริยะโชติ (กัน)', 'ตรวจเช็คห้อง: EE Room 12 ชั้น: 12 รอบ: \'เช้า\' สถานะ: ปกติ', 'iOS', '2022-05-21 04:24:41', '2022-05-21 04:24:41'),
(581, 'โยธิน วิริยะโชติ (กัน)', 'ตรวจเช็คห้อง: EE Room 14-1 ชั้น: 14 รอบ: \'เช้า\' สถานะ: ปกติ', 'iOS', '2022-05-21 04:26:14', '2022-05-21 04:26:14'),
(582, 'โยธิน วิริยะโชติ (กัน)', 'ตรวจเช็คห้อง: EE Room 14 ชั้น: 14 รอบ: \'เช้า\' สถานะ: ปกติ', 'iOS', '2022-05-21 04:26:52', '2022-05-21 04:26:52'),
(583, 'โยธิน วิริยะโชติ (กัน)', 'ตรวจเช็คห้อง: EE Room 15 ชั้น: 15 รอบ: \'เช้า\' สถานะ: ปกติ', 'iOS', '2022-05-21 04:28:47', '2022-05-21 04:28:47'),
(584, 'กันตวรรธน์ ดวงธนู (บอล)', 'ตรวจเช็คห้อง: EE Room 15 ชั้น: 15 รอบ: \'บ่าย\' สถานะ: ปกติ', 'iOS', '2022-05-21 07:56:10', '2022-05-21 07:56:10'),
(585, 'กันตวรรธน์ ดวงธนู (บอล)', 'ตรวจเช็คห้อง: MDB Room ชั้น: 5 รอบ: \'บ่าย\' สถานะ: ปกติ', 'iOS', '2022-05-21 07:58:51', '2022-05-21 07:58:51'),
(586, 'กันตวรรธน์ ดวงธนู (บอล)', 'ตรวจเช็คห้อง: EE Room 12 ชั้น: 12 รอบ: \'บ่าย\' สถานะ: ปกติ', 'iOS', '2022-05-21 09:39:18', '2022-05-21 09:39:18'),
(587, 'กันตวรรธน์ ดวงธนู (บอล)', 'ตรวจเช็คห้อง: Chiller Room ชั้น: 5 รอบ: \'บ่าย\' สถานะ: ปกติ', 'iOS', '2022-05-21 09:49:20', '2022-05-21 09:49:20'),
(588, 'กันตวรรธน์ ดวงธนู (บอล)', 'ตรวจเช็คห้อง: RMU Room ชั้น: 1 รอบ: \'บ่าย\' สถานะ: ปกติ', 'iOS', '2022-05-21 10:49:52', '2022-05-21 10:49:52'),
(589, 'กันตวรรธน์ ดวงธนู (บอล)', 'ตรวจเช็คห้อง: HV Room ชั้น: 1 รอบ: \'บ่าย\' สถานะ: ปกติ', 'iOS', '2022-05-21 10:52:37', '2022-05-21 10:52:37'),
(590, 'กันตวรรธน์ ดวงธนู (บอล)', 'ตรวจเช็คห้อง: Fire Pump Room ชั้น: 1 รอบ: \'บ่าย\' สถานะ: ปกติ', 'iOS', '2022-05-21 10:54:07', '2022-05-21 10:54:07'),
(591, 'กันตวรรธน์ ดวงธนู (บอล)', 'ตรวจเช็คห้อง: Fire Command Room ชั้น: 1 รอบ: \'บ่าย\' สถานะ: ปกติ', 'iOS', '2022-05-21 10:54:52', '2022-05-21 10:54:52'),
(592, 'กันตวรรธน์ ดวงธนู (บอล)', 'ตรวจเช็คห้อง: EE Room 2 ชั้น: 2 รอบ: \'บ่าย\' สถานะ: ปกติ', 'iOS', '2022-05-21 10:56:04', '2022-05-21 10:56:04'),
(593, 'กันตวรรธน์ ดวงธนู (บอล)', 'ตรวจเช็คห้อง: Pressurized Fan ชั้น: 4 รอบ: \'บ่าย\' สถานะ: ปกติ', 'iOS', '2022-05-21 10:56:58', '2022-05-21 10:56:58'),
(594, 'กันตวรรธน์ ดวงธนู (บอล)', 'ตรวจเช็คห้อง: Fan Room 4 ชั้น: 4 รอบ: \'บ่าย\' สถานะ: ปกติ', 'iOS', '2022-05-21 10:58:55', '2022-05-21 10:58:55'),
(595, 'กันตวรรธน์ ดวงธนู (บอล)', 'ตรวจเช็คห้อง: EE Room 4 ชั้น: 4 รอบ: \'บ่าย\' สถานะ: ปกติ', 'iOS', '2022-05-21 10:59:17', '2022-05-21 10:59:17'),
(596, 'กันตวรรธน์ ดวงธนู (บอล)', 'ตรวจเช็คห้อง: EE Room 6 ชั้น: 6 รอบ: \'บ่าย\' สถานะ: ปกติ', 'iOS', '2022-05-21 11:09:01', '2022-05-21 11:09:01'),
(597, 'กันตวรรธน์ ดวงธนู (บอล)', 'ตรวจเช็คห้อง: Generator Room ชั้น: 6 รอบ: \'บ่าย\' สถานะ: ปกติ', 'iOS', '2022-05-21 11:09:21', '2022-05-21 11:09:21'),
(598, 'กันตวรรธน์ ดวงธนู (บอล)', 'ตรวจเช็คห้อง: EE Room 7 ชั้น: 7 รอบ: \'บ่าย\' สถานะ: ปกติ', 'iOS', '2022-05-21 11:10:51', '2022-05-21 11:10:51'),
(599, 'กันตวรรธน์ ดวงธนู (บอล)', 'ตรวจเช็คห้อง: EE Room 7-1 ชั้น: 7 รอบ: \'บ่าย\' สถานะ: ปกติ', 'iOS', '2022-05-21 11:11:13', '2022-05-21 11:11:13'),
(600, 'กันตวรรธน์ ดวงธนู (บอล)', 'ตรวจเช็คห้อง: EE Room 8 ชั้น: 8 รอบ: \'บ่าย\' สถานะ: ปกติ', 'iOS', '2022-05-21 11:12:26', '2022-05-21 11:12:26'),
(601, 'กันตวรรธน์ ดวงธนู (บอล)', 'ตรวจเช็คห้อง: EE Room 9 ชั้น: 9 รอบ: \'บ่าย\' สถานะ: ปกติ', 'iOS', '2022-05-21 11:13:31', '2022-05-21 11:13:31'),
(602, 'กันตวรรธน์ ดวงธนู (บอล)', 'ตรวจเช็คห้อง: EE Room 9-1 ชั้น: 9 รอบ: \'บ่าย\' สถานะ: ปกติ', 'iOS', '2022-05-21 11:13:56', '2022-05-21 11:13:56'),
(603, 'กันตวรรธน์ ดวงธนู (บอล)', 'ตรวจเช็คห้อง: EE Room 10 ชั้น: 10 รอบ: \'บ่าย\' สถานะ: ปกติ', 'iOS', '2022-05-21 11:15:09', '2022-05-21 11:15:09'),
(604, 'กันตวรรธน์ ดวงธนู (บอล)', 'ตรวจเช็คห้อง: EE Room 11 ชั้น: 11 รอบ: \'บ่าย\' สถานะ: ปกติ', 'iOS', '2022-05-21 11:16:13', '2022-05-21 11:16:13'),
(605, 'กันตวรรธน์ ดวงธนู (บอล)', 'ตรวจเช็คห้อง: EE Room 11-1 ชั้น: 11 รอบ: \'บ่าย\' สถานะ: ปกติ', 'iOS', '2022-05-21 11:16:49', '2022-05-21 11:16:49'),
(606, 'กันตวรรธน์ ดวงธนู (บอล)', 'ตรวจเช็คห้อง: EE Room 14-1 ชั้น: 14 รอบ: \'บ่าย\' สถานะ: ปกติ', 'iOS', '2022-05-21 11:18:15', '2022-05-21 11:18:15'),
(607, 'กันตวรรธน์ ดวงธนู (บอล)', 'ตรวจเช็คห้อง: EE Room 14 ชั้น: 14 รอบ: \'บ่าย\' สถานะ: ปกติ', 'iOS', '2022-05-21 11:18:48', '2022-05-21 11:18:48'),
(608, 'คณาวุฒิ แก้วทองคำ (กิฟ)', 'ตรวจเช็คห้อง: HV Room ชั้น: 1 รอบ: \'ค่ำ\' สถานะ: ปกติ', 'iOS', '2022-05-21 15:29:40', '2022-05-21 15:29:40'),
(609, 'คณาวุฒิ แก้วทองคำ (กิฟ)', 'ตรวจเช็คห้อง: RMU Room ชั้น: 1 รอบ: \'ค่ำ\' สถานะ: ปกติ', 'iOS', '2022-05-21 15:30:28', '2022-05-21 15:30:28'),
(610, 'คณาวุฒิ แก้วทองคำ (กิฟ)', 'ตรวจเช็คห้อง: Fire Pump Room ชั้น: 1 รอบ: \'ค่ำ\' สถานะ: ปกติ', 'iOS', '2022-05-21 15:33:53', '2022-05-21 15:33:53'),
(611, 'คณาวุฒิ แก้วทองคำ (กิฟ)', 'ตรวจเช็คห้อง: Fire Command Room ชั้น: 1 รอบ: \'ค่ำ\' สถานะ: ปกติ', 'iOS', '2022-05-21 15:36:32', '2022-05-21 15:36:32'),
(612, 'คณาวุฒิ แก้วทองคำ (กิฟ)', 'ตรวจเช็คห้อง: EE Room 2 ชั้น: 2 รอบ: \'ค่ำ\' สถานะ: ปกติ', 'iOS', '2022-05-21 15:38:08', '2022-05-21 15:38:08'),
(613, 'คณาวุฒิ แก้วทองคำ (กิฟ)', 'ตรวจเช็คห้อง: EE Room 4 ชั้น: 4 รอบ: \'ค่ำ\' สถานะ: ปกติ', 'iOS', '2022-05-21 15:39:20', '2022-05-21 15:39:20'),
(614, 'คณาวุฒิ แก้วทองคำ (กิฟ)', 'ตรวจเช็คห้อง: Fan Room 4 ชั้น: 4 รอบ: \'ค่ำ\' สถานะ: ปกติ', 'iOS', '2022-05-21 15:40:37', '2022-05-21 15:40:37'),
(615, 'คณาวุฒิ แก้วทองคำ (กิฟ)', 'ตรวจเช็คห้อง: Pressurized Fan ชั้น: 4 รอบ: \'ค่ำ\' สถานะ: ปกติ', 'iOS', '2022-05-21 15:41:36', '2022-05-21 15:41:36'),
(616, 'คณาวุฒิ แก้วทองคำ (กิฟ)', 'ตรวจเช็คห้อง: EE Room 15 ชั้น: 15 รอบ: \'ค่ำ\' สถานะ: ปกติ', 'iOS', '2022-05-21 15:43:39', '2022-05-21 15:43:39'),
(617, 'คณาวุฒิ แก้วทองคำ (กิฟ)', 'ตรวจเช็คห้อง: EE Room 14 ชั้น: 14 รอบ: \'ค่ำ\' สถานะ: ปกติ', 'iOS', '2022-05-21 15:45:14', '2022-05-21 15:45:14'),
(618, 'คณาวุฒิ แก้วทองคำ (กิฟ)', 'ตรวจเช็คห้อง: EE Room 14-1 ชั้น: 14 รอบ: \'ค่ำ\' สถานะ: ปกติ', 'iOS', '2022-05-21 15:46:01', '2022-05-21 15:46:01'),
(619, 'คณาวุฒิ แก้วทองคำ (กิฟ)', 'ตรวจเช็คห้อง: EE Room 12 ชั้น: 12 รอบ: \'ค่ำ\' สถานะ: ปกติ', 'iOS', '2022-05-21 15:47:17', '2022-05-21 15:47:17'),
(620, 'คณาวุฒิ แก้วทองคำ (กิฟ)', 'ตรวจเช็คห้อง: EE Room 11 ชั้น: 11 รอบ: \'ค่ำ\' สถานะ: ปกติ', 'iOS', '2022-05-21 15:48:05', '2022-05-21 15:48:05'),
(621, 'คณาวุฒิ แก้วทองคำ (กิฟ)', 'ตรวจเช็คห้อง: EE Room 11-1 ชั้น: 11 รอบ: \'ค่ำ\' สถานะ: ปกติ', 'iOS', '2022-05-21 15:48:52', '2022-05-21 15:48:52'),
(622, 'คณาวุฒิ แก้วทองคำ (กิฟ)', 'ตรวจเช็คห้อง: EE Room 10 ชั้น: 10 รอบ: \'ค่ำ\' สถานะ: ปกติ', 'iOS', '2022-05-21 15:50:17', '2022-05-21 15:50:17'),
(623, 'คณาวุฒิ แก้วทองคำ (กิฟ)', 'ตรวจเช็คห้อง: EE Room 9 ชั้น: 9 รอบ: \'ค่ำ\' สถานะ: ปกติ', 'iOS', '2022-05-21 15:51:12', '2022-05-21 15:51:12'),
(624, 'คณาวุฒิ แก้วทองคำ (กิฟ)', 'ตรวจเช็คห้อง: EE Room 9-1 ชั้น: 9 รอบ: \'ค่ำ\' สถานะ: ปกติ', 'iOS', '2022-05-21 15:51:51', '2022-05-21 15:51:51'),
(625, 'คณาวุฒิ แก้วทองคำ (กิฟ)', 'ตรวจเช็คห้อง: EE Room 8 ชั้น: 8 รอบ: \'ค่ำ\' สถานะ: ปกติ', 'iOS', '2022-05-21 15:52:40', '2022-05-21 15:52:40'),
(626, 'คณาวุฒิ แก้วทองคำ (กิฟ)', 'ตรวจเช็คห้อง: EE Room 7 ชั้น: 7 รอบ: \'ค่ำ\' สถานะ: ปกติ', 'iOS', '2022-05-21 15:53:27', '2022-05-21 15:53:27'),
(627, 'คณาวุฒิ แก้วทองคำ (กิฟ)', 'ตรวจเช็คห้อง: EE Room 7-1 ชั้น: 7 รอบ: \'ค่ำ\' สถานะ: ปกติ', 'iOS', '2022-05-21 15:54:03', '2022-05-21 15:54:03'),
(628, 'คณาวุฒิ แก้วทองคำ (กิฟ)', 'ตรวจเช็คห้อง: Generator Room ชั้น: 6 รอบ: \'ค่ำ\' สถานะ: ปกติ', 'iOS', '2022-05-21 15:55:20', '2022-05-21 15:55:20'),
(629, 'คณาวุฒิ แก้วทองคำ (กิฟ)', 'ตรวจเช็คห้อง: EE Room 6 ชั้น: 6 รอบ: \'ค่ำ\' สถานะ: ปกติ', 'iOS', '2022-05-21 15:56:05', '2022-05-21 15:56:05'),
(630, 'คณาวุฒิ แก้วทองคำ (กิฟ)', 'ตรวจเช็คห้อง: Chiller Room ชั้น: 5 รอบ: \'ค่ำ\' สถานะ: ปกติ', 'iOS', '2022-05-21 15:57:08', '2022-05-21 15:57:08'),
(631, 'คณาวุฒิ แก้วทองคำ (กิฟ)', 'ตรวจเช็คห้อง: MDB Room ชั้น: 5 รอบ: \'ค่ำ\' สถานะ: ปกติ', 'iOS', '2022-05-21 15:57:51', '2022-05-21 15:57:51'),
(632, 'โยธิน วิริยะโชติ (กัน)', 'ตรวจเช็คห้อง: MDB Room ชั้น: 5 รอบ: \'เช้า\' สถานะ: ปกติ', 'iOS', '2022-05-22 02:34:06', '2022-05-22 02:34:06'),
(633, 'โยธิน วิริยะโชติ (กัน)', 'ตรวจเช็คห้อง: Chiller Room ชั้น: 5 รอบ: \'เช้า\' สถานะ: ปกติ', 'iOS', '2022-05-22 02:34:49', '2022-05-22 02:34:49'),
(634, 'โยธิน วิริยะโชติ (กัน)', 'ตรวจเช็คห้อง: EE Room 15 ชั้น: 15 รอบ: \'เช้า\' สถานะ: ปกติ', 'iOS', '2022-05-22 02:41:35', '2022-05-22 02:41:35'),
(635, 'โยธิน วิริยะโชติ (กัน)', 'ตรวจเช็คห้อง: EE Room 14 ชั้น: 14 รอบ: \'เช้า\' สถานะ: ปกติ', 'iOS', '2022-05-22 02:42:10', '2022-05-22 02:42:10');
INSERT INTO `check_processes` (`log_id`, `log_user`, `log_prosessing`, `log_agent`, `created_at`, `updated_at`) VALUES
(636, 'โยธิน วิริยะโชติ (กัน)', 'ตรวจเช็คห้อง: EE Room 14-1 ชั้น: 14 รอบ: \'เช้า\' สถานะ: ปกติ', 'iOS', '2022-05-22 02:42:34', '2022-05-22 02:42:34'),
(637, 'โยธิน วิริยะโชติ (กัน)', 'ตรวจเช็คห้อง: EE Room 12 ชั้น: 12 รอบ: \'เช้า\' สถานะ: ปกติ', 'iOS', '2022-05-22 02:43:13', '2022-05-22 02:43:13'),
(638, 'โยธิน วิริยะโชติ (กัน)', 'ตรวจเช็คห้อง: EE Room 11 ชั้น: 11 รอบ: \'เช้า\' สถานะ: ปกติ', 'iOS', '2022-05-22 02:43:49', '2022-05-22 02:43:49'),
(639, 'โยธิน วิริยะโชติ (กัน)', 'ตรวจเช็คห้อง: EE Room 11-1 ชั้น: 11 รอบ: \'เช้า\' สถานะ: ปกติ', 'iOS', '2022-05-22 02:44:38', '2022-05-22 02:44:38'),
(640, 'โยธิน วิริยะโชติ (กัน)', 'ตรวจเช็คห้อง: EE Room 10 ชั้น: 10 รอบ: \'เช้า\' สถานะ: ปกติ', 'iOS', '2022-05-22 02:45:33', '2022-05-22 02:45:33'),
(641, 'โยธิน วิริยะโชติ (กัน)', 'ตรวจเช็คห้อง: EE Room 9 ชั้น: 9 รอบ: \'เช้า\' สถานะ: ปกติ', 'iOS', '2022-05-22 02:47:40', '2022-05-22 02:47:40'),
(642, 'โยธิน วิริยะโชติ (กัน)', 'ตรวจเช็คห้อง: EE Room 9-1 ชั้น: 9 รอบ: \'เช้า\' สถานะ: ปกติ', 'iOS', '2022-05-22 02:48:06', '2022-05-22 02:48:06'),
(643, 'โยธิน วิริยะโชติ (กัน)', 'ตรวจเช็คห้อง: EE Room 8 ชั้น: 8 รอบ: \'เช้า\' สถานะ: ปกติ', 'iOS', '2022-05-22 02:48:52', '2022-05-22 02:48:52'),
(644, 'สุวรรณ์ คงสง (ด้วง)', 'ตรวจเช็คห้อง: EE Room 15 ชั้น: 15 รอบ: \'เช้า\' สถานะ: ปกติ', 'OS X', '2022-05-22 02:49:02', '2022-05-22 02:49:02'),
(645, 'โยธิน วิริยะโชติ (กัน)', 'ตรวจเช็คห้อง: EE Room 7 ชั้น: 7 รอบ: \'เช้า\' สถานะ: ปกติ', 'iOS', '2022-05-22 02:49:24', '2022-05-22 02:49:24'),
(646, 'โยธิน วิริยะโชติ (กัน)', 'ตรวจเช็คห้อง: EE Room 7-1 ชั้น: 7 รอบ: \'เช้า\' สถานะ: ปกติ', 'iOS', '2022-05-22 02:49:42', '2022-05-22 02:49:42'),
(647, 'โยธิน วิริยะโชติ (กัน)', 'ตรวจเช็คห้อง: EE Room 6 ชั้น: 6 รอบ: \'เช้า\' สถานะ: ปกติ', 'iOS', '2022-05-22 02:50:29', '2022-05-22 02:50:29'),
(648, 'โยธิน วิริยะโชติ (กัน)', 'ตรวจเช็คห้อง: Generator Room ชั้น: 6 รอบ: \'เช้า\' สถานะ: ปกติ', 'iOS', '2022-05-22 02:50:50', '2022-05-22 02:50:50'),
(649, 'โยธิน วิริยะโชติ (กัน)', 'ตรวจเช็คห้อง: Pressurized Fan ชั้น: 4 รอบ: \'เช้า\' สถานะ: ปกติ', 'iOS', '2022-05-22 02:52:25', '2022-05-22 02:52:25'),
(650, 'โยธิน วิริยะโชติ (กัน)', 'ตรวจเช็คห้อง: EE Room 4 ชั้น: 4 รอบ: \'เช้า\' สถานะ: ปกติ', 'iOS', '2022-05-22 02:53:37', '2022-05-22 02:53:37'),
(651, 'โยธิน วิริยะโชติ (กัน)', 'ตรวจเช็คห้อง: Fan Room 4 ชั้น: 4 รอบ: \'เช้า\' สถานะ: ปกติ', 'iOS', '2022-05-22 02:54:36', '2022-05-22 02:54:36'),
(652, 'โยธิน วิริยะโชติ (กัน)', 'ตรวจเช็คห้อง: EE Room 3 ชั้น: 3 รอบ: \'เช้า\' สถานะ: ปกติ', 'iOS', '2022-05-22 02:56:20', '2022-05-22 02:56:20'),
(653, 'โยธิน วิริยะโชติ (กัน)', 'ตรวจเช็คห้อง: EE Room 2 ชั้น: 2 รอบ: \'เช้า\' สถานะ: ปกติ', 'iOS', '2022-05-22 02:56:35', '2022-05-22 02:56:35'),
(654, 'โยธิน วิริยะโชติ (กัน)', 'ตรวจเช็คห้อง: Fire Command Room ชั้น: 1 รอบ: \'เช้า\' สถานะ: ปกติ', 'iOS', '2022-05-22 02:58:55', '2022-05-22 02:58:55'),
(655, 'โยธิน วิริยะโชติ (กัน)', 'ตรวจเช็คห้อง: Fire Pump Room ชั้น: 1 รอบ: \'เช้า\' สถานะ: ปกติ', 'iOS', '2022-05-22 03:00:23', '2022-05-22 03:00:23'),
(656, 'โยธิน วิริยะโชติ (กัน)', 'ตรวจเช็คห้อง: RMU Room ชั้น: 1 รอบ: \'เช้า\' สถานะ: ปกติ', 'iOS', '2022-05-22 03:03:27', '2022-05-22 03:03:27'),
(657, 'โยธิน วิริยะโชติ (กัน)', 'ตรวจเช็คห้อง: HV Room ชั้น: 1 รอบ: \'เช้า\' สถานะ: ปกติ', 'iOS', '2022-05-22 03:04:45', '2022-05-22 03:04:45'),
(658, 'กันตวรรธน์ ดวงธนู (บอล)', 'ตรวจเช็คห้อง: EE Room 11-1 ชั้น: 11 รอบ: \'บ่าย\' สถานะ: ปกติ', 'iOS', '2022-05-22 08:30:07', '2022-05-22 08:30:07'),
(659, 'กันตวรรธน์ ดวงธนู (บอล)', 'ตรวจเช็คห้อง: EE Room 11 ชั้น: 11 รอบ: \'บ่าย\' สถานะ: ปกติ', 'iOS', '2022-05-22 08:44:49', '2022-05-22 08:44:49'),
(660, 'กันตวรรธน์ ดวงธนู (บอล)', 'ตรวจเช็คห้อง: EE Room 15 ชั้น: 15 รอบ: \'บ่าย\' สถานะ: ปกติ', 'iOS', '2022-05-22 08:49:08', '2022-05-22 08:49:08'),
(661, 'กันตวรรธน์ ดวงธนู (บอล)', 'ตรวจเช็คห้อง: EE Room 14 ชั้น: 14 รอบ: \'บ่าย\' สถานะ: ปกติ', 'iOS', '2022-05-22 08:59:32', '2022-05-22 08:59:32'),
(662, 'กันตวรรธน์ ดวงธนู (บอล)', 'ตรวจเช็คห้อง: EE Room 14-1 ชั้น: 14 รอบ: \'บ่าย\' สถานะ: ปกติ', 'iOS', '2022-05-22 09:00:12', '2022-05-22 09:00:12'),
(663, 'กันตวรรธน์ ดวงธนู (บอล)', 'ตรวจเช็คห้อง: EE Room 12 ชั้น: 12 รอบ: \'บ่าย\' สถานะ: ปกติ', 'iOS', '2022-05-22 09:01:11', '2022-05-22 09:01:11'),
(664, 'กันตวรรธน์ ดวงธนู (บอล)', 'ตรวจเช็คห้อง: EE Room 10 ชั้น: 10 รอบ: \'บ่าย\' สถานะ: ปกติ', 'iOS', '2022-05-22 09:02:14', '2022-05-22 09:02:14'),
(665, 'กันตวรรธน์ ดวงธนู (บอล)', 'ตรวจเช็คห้อง: EE Room 9 ชั้น: 9 รอบ: \'บ่าย\' สถานะ: ปกติ', 'iOS', '2022-05-22 09:03:02', '2022-05-22 09:03:02'),
(666, 'กันตวรรธน์ ดวงธนู (บอล)', 'ตรวจเช็คห้อง: EE Room 9-1 ชั้น: 9 รอบ: \'บ่าย\' สถานะ: ปกติ', 'iOS', '2022-05-22 09:03:26', '2022-05-22 09:03:26'),
(667, 'กันตวรรธน์ ดวงธนู (บอล)', 'ตรวจเช็คห้อง: EE Room 8 ชั้น: 8 รอบ: \'บ่าย\' สถานะ: ปกติ', 'iOS', '2022-05-22 09:04:20', '2022-05-22 09:04:20'),
(668, 'กันตวรรธน์ ดวงธนู (บอล)', 'ตรวจเช็คห้อง: EE Room 7 ชั้น: 7 รอบ: \'บ่าย\' สถานะ: ปกติ', 'iOS', '2022-05-22 09:05:02', '2022-05-22 09:05:02'),
(669, 'กันตวรรธน์ ดวงธนู (บอล)', 'ตรวจเช็คห้อง: EE Room 7-1 ชั้น: 7 รอบ: \'บ่าย\' สถานะ: ปกติ', 'iOS', '2022-05-22 09:05:25', '2022-05-22 09:05:25'),
(670, 'กันตวรรธน์ ดวงธนู (บอล)', 'ตรวจเช็คห้อง: EE Room 6 ชั้น: 6 รอบ: \'บ่าย\' สถานะ: ปกติ', 'iOS', '2022-05-22 09:06:36', '2022-05-22 09:06:36'),
(671, 'กันตวรรธน์ ดวงธนู (บอล)', 'ตรวจเช็คห้อง: Generator Room ชั้น: 6 รอบ: \'บ่าย\' สถานะ: ปกติ', 'iOS', '2022-05-22 09:07:02', '2022-05-22 09:07:02'),
(672, 'กันตวรรธน์ ดวงธนู (บอล)', 'ตรวจเช็คห้อง: Chiller Room ชั้น: 5 รอบ: \'บ่าย\' สถานะ: ปกติ', 'iOS', '2022-05-22 09:12:58', '2022-05-22 09:12:58'),
(673, 'กันตวรรธน์ ดวงธนู (บอล)', 'ตรวจเช็คห้อง: MDB Room ชั้น: 5 รอบ: \'บ่าย\' สถานะ: ปกติ', 'iOS', '2022-05-22 09:13:36', '2022-05-22 09:13:36'),
(674, 'กันตวรรธน์ ดวงธนู (บอล)', 'ตรวจเช็คห้อง: RMU Room ชั้น: 1 รอบ: \'บ่าย\' สถานะ: ปกติ', 'iOS', '2022-05-22 10:51:51', '2022-05-22 10:51:51'),
(675, 'กันตวรรธน์ ดวงธนู (บอล)', 'ตรวจเช็คห้อง: HV Room ชั้น: 1 รอบ: \'บ่าย\' สถานะ: ปกติ', 'iOS', '2022-05-22 10:53:30', '2022-05-22 10:53:30'),
(676, 'กันตวรรธน์ ดวงธนู (บอล)', 'ตรวจเช็คห้อง: Fire Pump Room ชั้น: 1 รอบ: \'บ่าย\' สถานะ: ปกติ', 'iOS', '2022-05-22 10:54:04', '2022-05-22 10:54:04'),
(677, 'กันตวรรธน์ ดวงธนู (บอล)', 'ตรวจเช็คห้อง: Fire Command Room ชั้น: 1 รอบ: \'บ่าย\' สถานะ: ปกติ', 'iOS', '2022-05-22 10:54:45', '2022-05-22 10:54:45'),
(678, 'กันตวรรธน์ ดวงธนู (บอล)', 'ตรวจเช็คห้อง: EE Room 2 ชั้น: 2 รอบ: \'บ่าย\' สถานะ: ปกติ', 'iOS', '2022-05-22 10:55:59', '2022-05-22 10:55:59'),
(679, 'กันตวรรธน์ ดวงธนู (บอล)', 'ตรวจเช็คห้อง: EE Room 3 ชั้น: 3 รอบ: \'บ่าย\' สถานะ: ปกติ', 'iOS', '2022-05-22 10:57:29', '2022-05-22 10:57:29'),
(680, 'กันตวรรธน์ ดวงธนู (บอล)', 'ตรวจเช็คห้อง: EE Room 4 ชั้น: 4 รอบ: \'บ่าย\' สถานะ: ปกติ', 'iOS', '2022-05-22 10:58:06', '2022-05-22 10:58:06'),
(681, 'กันตวรรธน์ ดวงธนู (บอล)', 'ตรวจเช็คห้อง: Pressurized Fan ชั้น: 4 รอบ: \'บ่าย\' สถานะ: ปกติ', 'iOS', '2022-05-22 10:58:57', '2022-05-22 10:58:57'),
(682, 'กันตวรรธน์ ดวงธนู (บอล)', 'ตรวจเช็คห้อง: Fan Room 4 ชั้น: 4 รอบ: \'บ่าย\' สถานะ: ปกติ', 'iOS', '2022-05-22 11:05:35', '2022-05-22 11:05:35'),
(683, 'คณาวุฒิ แก้วทองคำ (กิฟ)', 'ตรวจเช็คห้อง: Fire Command Room ชั้น: 1 รอบ: \'ค่ำ\' สถานะ: ปกติ', 'iOS', '2022-05-22 15:27:55', '2022-05-22 15:27:55'),
(684, 'คณาวุฒิ แก้วทองคำ (กิฟ)', 'ตรวจเช็คห้อง: Fire Pump Room ชั้น: 1 รอบ: \'ค่ำ\' สถานะ: ปกติ', 'iOS', '2022-05-22 15:28:57', '2022-05-22 15:28:57'),
(685, 'คณาวุฒิ แก้วทองคำ (กิฟ)', 'ตรวจเช็คห้อง: RMU Room ชั้น: 1 รอบ: \'ค่ำ\' สถานะ: ปกติ', 'iOS', '2022-05-22 15:32:12', '2022-05-22 15:32:12'),
(686, 'คณาวุฒิ แก้วทองคำ (กิฟ)', 'ตรวจเช็คห้อง: HV Room ชั้น: 1 รอบ: \'ค่ำ\' สถานะ: ปกติ', 'iOS', '2022-05-22 15:32:32', '2022-05-22 15:32:32'),
(687, 'คณาวุฒิ แก้วทองคำ (กิฟ)', 'ตรวจเช็คห้อง: EE Room 2 ชั้น: 2 รอบ: \'ค่ำ\' สถานะ: ปกติ', 'iOS', '2022-05-22 15:33:58', '2022-05-22 15:33:58'),
(688, 'คณาวุฒิ แก้วทองคำ (กิฟ)', 'ตรวจเช็คห้อง: EE Room 3 ชั้น: 3 รอบ: \'ค่ำ\' สถานะ: ปกติ', 'iOS', '2022-05-22 15:35:37', '2022-05-22 15:35:37'),
(689, 'คณาวุฒิ แก้วทองคำ (กิฟ)', 'ตรวจเช็คห้อง: EE Room 4 ชั้น: 4 รอบ: \'ค่ำ\' สถานะ: ปกติ', 'iOS', '2022-05-22 15:36:01', '2022-05-22 15:36:01'),
(690, 'คณาวุฒิ แก้วทองคำ (กิฟ)', 'ตรวจเช็คห้อง: Fan Room 4 ชั้น: 4 รอบ: \'ค่ำ\' สถานะ: ปกติ', 'iOS', '2022-05-22 15:37:08', '2022-05-22 15:37:08'),
(691, 'คณาวุฒิ แก้วทองคำ (กิฟ)', 'ตรวจเช็คห้อง: Pressurized Fan ชั้น: 4 รอบ: \'ค่ำ\' สถานะ: ปกติ', 'iOS', '2022-05-22 15:37:33', '2022-05-22 15:37:33'),
(692, 'คณาวุฒิ แก้วทองคำ (กิฟ)', 'ตรวจเช็คห้อง: EE Room 15 ชั้น: 15 รอบ: \'ค่ำ\' สถานะ: ปกติ', 'iOS', '2022-05-22 15:40:36', '2022-05-22 15:40:36'),
(693, 'คณาวุฒิ แก้วทองคำ (กิฟ)', 'ตรวจเช็คห้อง: EE Room 14 ชั้น: 14 รอบ: \'ค่ำ\' สถานะ: ปกติ', 'iOS', '2022-05-22 15:41:18', '2022-05-22 15:41:18'),
(694, 'คณาวุฒิ แก้วทองคำ (กิฟ)', 'ตรวจเช็คห้อง: EE Room 14-1 ชั้น: 14 รอบ: \'ค่ำ\' สถานะ: ปกติ', 'iOS', '2022-05-22 15:41:49', '2022-05-22 15:41:49'),
(695, 'คณาวุฒิ แก้วทองคำ (กิฟ)', 'ตรวจเช็คห้อง: EE Room 12 ชั้น: 12 รอบ: \'ค่ำ\' สถานะ: ปกติ', 'iOS', '2022-05-22 15:42:38', '2022-05-22 15:42:38'),
(696, 'คณาวุฒิ แก้วทองคำ (กิฟ)', 'ตรวจเช็คห้อง: EE Room 11 ชั้น: 11 รอบ: \'ค่ำ\' สถานะ: ปกติ', 'iOS', '2022-05-22 15:43:23', '2022-05-22 15:43:23'),
(697, 'คณาวุฒิ แก้วทองคำ (กิฟ)', 'ตรวจเช็คห้อง: EE Room 11-1 ชั้น: 11 รอบ: \'ค่ำ\' สถานะ: ปกติ', 'iOS', '2022-05-22 15:43:53', '2022-05-22 15:43:53'),
(698, 'คณาวุฒิ แก้วทองคำ (กิฟ)', 'ตรวจเช็คห้อง: EE Room 10 ชั้น: 10 รอบ: \'ค่ำ\' สถานะ: ปกติ', 'iOS', '2022-05-22 15:45:15', '2022-05-22 15:45:15'),
(699, 'คณาวุฒิ แก้วทองคำ (กิฟ)', 'ตรวจเช็คห้อง: EE Room 9 ชั้น: 9 รอบ: \'ค่ำ\' สถานะ: ปกติ', 'iOS', '2022-05-22 15:46:06', '2022-05-22 15:46:06'),
(700, 'คณาวุฒิ แก้วทองคำ (กิฟ)', 'ตรวจเช็คห้อง: EE Room 9-1 ชั้น: 9 รอบ: \'ค่ำ\' สถานะ: ปกติ', 'iOS', '2022-05-22 15:46:36', '2022-05-22 15:46:36'),
(701, 'คณาวุฒิ แก้วทองคำ (กิฟ)', 'ตรวจเช็คห้อง: EE Room 8 ชั้น: 8 รอบ: \'ค่ำ\' สถานะ: ปกติ', 'iOS', '2022-05-22 15:47:20', '2022-05-22 15:47:20'),
(702, 'คณาวุฒิ แก้วทองคำ (กิฟ)', 'ตรวจเช็คห้อง: EE Room 7 ชั้น: 7 รอบ: \'ค่ำ\' สถานะ: ปกติ', 'iOS', '2022-05-22 15:48:06', '2022-05-22 15:48:06'),
(703, 'คณาวุฒิ แก้วทองคำ (กิฟ)', 'ตรวจเช็คห้อง: EE Room 7-1 ชั้น: 7 รอบ: \'ค่ำ\' สถานะ: ปกติ', 'iOS', '2022-05-22 15:48:32', '2022-05-22 15:48:32'),
(704, 'คณาวุฒิ แก้วทองคำ (กิฟ)', 'ตรวจเช็คห้อง: Generator Room ชั้น: 6 รอบ: \'ค่ำ\' สถานะ: ปกติ', 'iOS', '2022-05-22 15:49:47', '2022-05-22 15:49:47'),
(705, 'คณาวุฒิ แก้วทองคำ (กิฟ)', 'ตรวจเช็คห้อง: EE Room 6 ชั้น: 6 รอบ: \'ค่ำ\' สถานะ: ปกติ', 'iOS', '2022-05-22 15:50:11', '2022-05-22 15:50:11'),
(706, 'คณาวุฒิ แก้วทองคำ (กิฟ)', 'ตรวจเช็คห้อง: Chiller Room ชั้น: 5 รอบ: \'ค่ำ\' สถานะ: ปกติ', 'iOS', '2022-05-22 15:51:22', '2022-05-22 15:51:22'),
(707, 'คณาวุฒิ แก้วทองคำ (กิฟ)', 'ตรวจเช็คห้อง: MDB Room ชั้น: 5 รอบ: \'ค่ำ\' สถานะ: ปกติ', 'iOS', '2022-05-22 15:51:56', '2022-05-22 15:51:56'),
(708, 'คณาวุฒิ แก้วทองคำ (กิฟ)', 'ตรวจเช็คห้อง: EE Room 15 ชั้น: 15 รอบ: \'เช้า\' สถานะ: ปกติ', 'iOS', '2022-05-22 22:26:17', '2022-05-22 22:26:17'),
(709, 'คณาวุฒิ แก้วทองคำ (กิฟ)', 'ตรวจเช็คห้อง: EE Room 14 ชั้น: 14 รอบ: \'เช้า\' สถานะ: ปกติ', 'iOS', '2022-05-22 22:27:56', '2022-05-22 22:27:56'),
(710, 'คณาวุฒิ แก้วทองคำ (กิฟ)', 'ตรวจเช็คห้อง: EE Room 14-1 ชั้น: 14 รอบ: \'เช้า\' สถานะ: ปกติ', 'iOS', '2022-05-22 22:28:41', '2022-05-22 22:28:41'),
(711, 'คณาวุฒิ แก้วทองคำ (กิฟ)', 'ตรวจเช็คห้อง: EE Room 12 ชั้น: 12 รอบ: \'เช้า\' สถานะ: ปกติ', 'iOS', '2022-05-22 22:30:30', '2022-05-22 22:30:30'),
(712, 'คณาวุฒิ แก้วทองคำ (กิฟ)', 'ตรวจเช็คห้อง: EE Room 11 ชั้น: 11 รอบ: \'เช้า\' สถานะ: ปกติ', 'iOS', '2022-05-22 22:32:13', '2022-05-22 22:32:13'),
(713, 'คณาวุฒิ แก้วทองคำ (กิฟ)', 'ตรวจเช็คห้อง: EE Room 11-1 ชั้น: 11 รอบ: \'เช้า\' สถานะ: ปกติ', 'iOS', '2022-05-22 22:32:36', '2022-05-22 22:32:36'),
(714, 'คณาวุฒิ แก้วทองคำ (กิฟ)', 'ตรวจเช็คห้อง: EE Room 10 ชั้น: 10 รอบ: \'เช้า\' สถานะ: ปกติ', 'iOS', '2022-05-22 22:33:44', '2022-05-22 22:33:44'),
(715, 'คณาวุฒิ แก้วทองคำ (กิฟ)', 'ตรวจเช็คห้อง: EE Room 9 ชั้น: 9 รอบ: \'เช้า\' สถานะ: ปกติ', 'iOS', '2022-05-22 22:34:31', '2022-05-22 22:34:31'),
(716, 'คณาวุฒิ แก้วทองคำ (กิฟ)', 'ตรวจเช็คห้อง: EE Room 9-1 ชั้น: 9 รอบ: \'เช้า\' สถานะ: ปกติ', 'iOS', '2022-05-22 22:34:58', '2022-05-22 22:34:58'),
(717, 'คณาวุฒิ แก้วทองคำ (กิฟ)', 'ตรวจเช็คห้อง: EE Room 8 ชั้น: 8 รอบ: \'เช้า\' สถานะ: ปกติ', 'iOS', '2022-05-22 22:35:39', '2022-05-22 22:35:39'),
(718, 'คณาวุฒิ แก้วทองคำ (กิฟ)', 'ตรวจเช็คห้อง: EE Room 7 ชั้น: 7 รอบ: \'เช้า\' สถานะ: ปกติ', 'iOS', '2022-05-22 22:36:21', '2022-05-22 22:36:21'),
(719, 'คณาวุฒิ แก้วทองคำ (กิฟ)', 'ตรวจเช็คห้อง: EE Room 7-1 ชั้น: 7 รอบ: \'เช้า\' สถานะ: ปกติ', 'iOS', '2022-05-22 22:36:46', '2022-05-22 22:36:46'),
(720, 'คณาวุฒิ แก้วทองคำ (กิฟ)', 'ตรวจเช็คห้อง: Generator Room ชั้น: 6 รอบ: \'เช้า\' สถานะ: ปกติ', 'iOS', '2022-05-22 22:37:55', '2022-05-22 22:37:55'),
(721, 'คณาวุฒิ แก้วทองคำ (กิฟ)', 'ตรวจเช็คห้อง: EE Room 6 ชั้น: 6 รอบ: \'เช้า\' สถานะ: ปกติ', 'iOS', '2022-05-22 22:38:21', '2022-05-22 22:38:21'),
(722, 'คณาวุฒิ แก้วทองคำ (กิฟ)', 'ตรวจเช็คห้อง: MDB Room ชั้น: 5 รอบ: \'เช้า\' สถานะ: ปกติ', 'iOS', '2022-05-22 22:46:44', '2022-05-22 22:46:44'),
(723, 'คณาวุฒิ แก้วทองคำ (กิฟ)', 'ตรวจเช็คห้อง: Chiller Room ชั้น: 5 รอบ: \'เช้า\' สถานะ: ปกติ', 'iOS', '2022-05-22 22:47:25', '2022-05-22 22:47:25'),
(724, 'คณาวุฒิ แก้วทองคำ (กิฟ)', 'ตรวจเช็คห้อง: Pressurized Fan ชั้น: 4 รอบ: \'เช้า\' สถานะ: ปกติ', 'iOS', '2022-05-22 22:48:22', '2022-05-22 22:48:22'),
(725, 'คณาวุฒิ แก้วทองคำ (กิฟ)', 'ตรวจเช็คห้อง: Fan Room 4 ชั้น: 4 รอบ: \'เช้า\' สถานะ: ปกติ', 'iOS', '2022-05-22 22:49:19', '2022-05-22 22:49:19'),
(726, 'คณาวุฒิ แก้วทองคำ (กิฟ)', 'ตรวจเช็คห้อง: EE Room 4 ชั้น: 4 รอบ: \'เช้า\' สถานะ: ปกติ', 'iOS', '2022-05-22 22:49:55', '2022-05-22 22:49:55'),
(727, 'คณาวุฒิ แก้วทองคำ (กิฟ)', 'ตรวจเช็คห้อง: EE Room 2 ชั้น: 2 รอบ: \'เช้า\' สถานะ: ปกติ', 'iOS', '2022-05-22 22:51:37', '2022-05-22 22:51:37'),
(728, 'คณาวุฒิ แก้วทองคำ (กิฟ)', 'ตรวจเช็คห้อง: HV Room ชั้น: 1 รอบ: \'เช้า\' สถานะ: ปกติ', 'iOS', '2022-05-22 22:53:01', '2022-05-22 22:53:01'),
(729, 'คณาวุฒิ แก้วทองคำ (กิฟ)', 'ตรวจเช็คห้อง: RMU Room ชั้น: 1 รอบ: \'เช้า\' สถานะ: ปกติ', 'iOS', '2022-05-22 22:53:33', '2022-05-22 22:53:33'),
(730, 'คณาวุฒิ แก้วทองคำ (กิฟ)', 'ตรวจเช็คห้อง: Fire Pump Room ชั้น: 1 รอบ: \'เช้า\' สถานะ: ปกติ', 'iOS', '2022-05-22 22:55:09', '2022-05-22 22:55:09'),
(731, 'คณาวุฒิ แก้วทองคำ (กิฟ)', 'ตรวจเช็คห้อง: Fire Command Room ชั้น: 1 รอบ: \'เช้า\' สถานะ: ปกติ', 'iOS', '2022-05-22 22:55:30', '2022-05-22 22:55:30'),
(732, 'Admin Managment (แอดมิน)', 'มอบหมายให้: Programmer\nเพิ่มมูลรายการ: ทดสอบรายการ', 'Windows', '2022-05-23 13:17:12', '2022-05-23 13:17:12'),
(733, 'Admin Managment (แอดมิน)', 'มอบหมายให้: Programmer\nอัพเดทข้อมูลรายการ: ทดสอบรายการ\nโดยเปลี่ยนแปลงข้อมูลเป็น: รับทราบแล้ว', 'Windows', '2022-05-23 13:17:52', '2022-05-23 13:17:52'),
(734, 'Admin Managment (แอดมิน)', 'มอบหมายให้: Programmer\nอัพเดทข้อมูลรายการ: ทดสอบรายการ\nโดยเปลี่ยนแปลงข้อมูลเป็น: 1. รับทราบแล้ว\n2. กำลังดำเนินการ', 'Windows', '2022-05-23 13:18:20', '2022-05-23 13:18:20'),
(735, 'Admin Managment (แอดมิน)', 'มอบหมายให้: Programmer\nอัพเดทข้อมูลรายการ: ทดสอบรายการ\nโดยเปลี่ยนแปลงข้อมูลเป็น: 1. รับทราบแล้ว\r\n2. กำลังดำเนินการ', 'Windows', '2022-05-23 13:19:51', '2022-05-23 13:19:51'),
(736, 'Admin Managment (แอดมิน)', 'มอบหมายให้: Programmer\nอัพเดทข้อมูลรายการ: ทดสอบรายการ\nโดยเปลี่ยนแปลงข้อมูลเป็น: 1. รับทราบแล้ว\r\n2. กำลังดำเนินการ', 'Windows', '2022-05-23 13:20:10', '2022-05-23 13:20:10'),
(737, 'สุวรรณ์ คงสง (ด้วง)', 'ตรวจเช็คห้อง: MDB Room ชั้น: 5 รอบ: \'บ่าย\' สถานะ: ปกติ', 'OS X', '2022-05-23 14:28:01', '2022-05-23 14:28:01'),
(738, 'สุวรรณ์ คงสง (ด้วง)', 'ตรวจเช็คห้อง: Chiller Room ชั้น: 5 รอบ: \'บ่าย\' สถานะ: ปกติ', 'OS X', '2022-05-23 14:29:48', '2022-05-23 14:29:48'),
(739, 'สุวรรณ์ คงสง (ด้วง)', 'ตรวจเช็คห้อง: EE Room 15 ชั้น: 15 รอบ: \'บ่าย\' สถานะ: ปกติ', 'OS X', '2022-05-23 14:32:14', '2022-05-23 14:32:14'),
(740, 'สุวรรณ์ คงสง (ด้วง)', 'ตรวจเช็คห้อง: Lift Room ชั้น: 16 รอบ: \'บ่าย\' สถานะ: ปกติ', 'OS X', '2022-05-23 14:35:59', '2022-05-23 14:35:59'),
(741, 'สุวรรณ์ คงสง (ด้วง)', 'ตรวจเช็คห้อง: EE Room 14-1 ชั้น: 14 รอบ: \'บ่าย\' สถานะ: ปกติ', 'OS X', '2022-05-23 14:41:06', '2022-05-23 14:41:06'),
(742, 'สุวรรณ์ คงสง (ด้วง)', 'ตรวจเช็คห้อง: EE Room 14 ชั้น: 14 รอบ: \'บ่าย\' สถานะ: ปกติ', 'OS X', '2022-05-23 14:42:09', '2022-05-23 14:42:09'),
(743, 'สุวรรณ์ คงสง (ด้วง)', 'ตรวจเช็คห้อง: EE Room 12 ชั้น: 12 รอบ: \'บ่าย\' สถานะ: ปกติ', 'OS X', '2022-05-23 14:44:16', '2022-05-23 14:44:16'),
(744, 'สุวรรณ์ คงสง (ด้วง)', 'ตรวจเช็คห้อง: EE Room 11 ชั้น: 11 รอบ: \'บ่าย\' สถานะ: ปกติ', 'OS X', '2022-05-23 14:45:42', '2022-05-23 14:45:42'),
(745, 'สุวรรณ์ คงสง (ด้วง)', 'ตรวจเช็คห้อง: EE Room 11-1 ชั้น: 11 รอบ: \'บ่าย\' สถานะ: ปกติ', 'OS X', '2022-05-23 14:46:23', '2022-05-23 14:46:23'),
(746, 'สุวรรณ์ คงสง (ด้วง)', 'ตรวจเช็คห้อง: EE Room 10 ชั้น: 10 รอบ: \'บ่าย\' สถานะ: ปกติ', 'OS X', '2022-05-23 14:47:45', '2022-05-23 14:47:45'),
(747, 'สุวรรณ์ คงสง (ด้วง)', 'ตรวจเช็คห้อง: EE Room 9 ชั้น: 9 รอบ: \'บ่าย\' สถานะ: ปกติ', 'OS X', '2022-05-23 14:53:12', '2022-05-23 14:53:12'),
(748, 'สุวรรณ์ คงสง (ด้วง)', 'ตรวจเช็คห้อง: EE Room 9-1 ชั้น: 9 รอบ: \'บ่าย\' สถานะ: ปกติ', 'OS X', '2022-05-23 14:54:00', '2022-05-23 14:54:00'),
(749, 'สุวรรณ์ คงสง (ด้วง)', 'ตรวจเช็คห้อง: EE Room 8 ชั้น: 8 รอบ: \'บ่าย\' สถานะ: ปกติ', 'OS X', '2022-05-23 14:55:19', '2022-05-23 14:55:19'),
(750, 'สุวรรณ์ คงสง (ด้วง)', 'ตรวจเช็คห้อง: EE Room 7 ชั้น: 7 รอบ: \'บ่าย\' สถานะ: ปกติ', 'OS X', '2022-05-23 14:56:34', '2022-05-23 14:56:34'),
(751, 'สุวรรณ์ คงสง (ด้วง)', 'ตรวจเช็คห้อง: EE Room 7-1 ชั้น: 7 รอบ: \'บ่าย\' สถานะ: ปกติ', 'OS X', '2022-05-23 14:57:33', '2022-05-23 14:57:33'),
(752, 'สุวรรณ์ คงสง (ด้วง)', 'ตรวจเช็คห้อง: EE Room 6 ชั้น: 6 รอบ: \'บ่าย\' สถานะ: ปกติ', 'OS X', '2022-05-23 14:59:06', '2022-05-23 14:59:06'),
(753, 'สุวรรณ์ คงสง (ด้วง)', 'ตรวจเช็คห้อง: Generator Room ชั้น: 6 รอบ: \'บ่าย\' สถานะ: ปกติ', 'OS X', '2022-05-23 15:00:01', '2022-05-23 15:00:01'),
(754, 'สุวรรณ์ คงสง (ด้วง)', 'ตรวจเช็คห้อง: EE Room 4 ชั้น: 4 รอบ: \'บ่าย\' สถานะ: ปกติ', 'OS X', '2022-05-23 15:11:26', '2022-05-23 15:11:26'),
(755, 'สุวรรณ์ คงสง (ด้วง)', 'ตรวจเช็คห้อง: Fan Room 4 ชั้น: 4 รอบ: \'บ่าย\' สถานะ: ปกติ', 'OS X', '2022-05-23 15:13:17', '2022-05-23 15:13:17'),
(756, 'สุวรรณ์ คงสง (ด้วง)', 'ตรวจเช็คห้อง: Pressurized Fan ชั้น: 4 รอบ: \'บ่าย\' สถานะ: ปกติ', 'OS X', '2022-05-23 15:13:58', '2022-05-23 15:13:58'),
(757, 'สุวรรณ์ คงสง (ด้วง)', 'ตรวจเช็คห้อง: EE Room 3 ชั้น: 3 รอบ: \'บ่าย\' สถานะ: ปกติ', 'OS X', '2022-05-23 15:16:27', '2022-05-23 15:16:27'),
(758, 'สุวรรณ์ คงสง (ด้วง)', 'ตรวจเช็คห้อง: EE Room 2 ชั้น: 2 รอบ: \'บ่าย\' สถานะ: ปกติ', 'OS X', '2022-05-23 15:16:58', '2022-05-23 15:16:58'),
(759, 'สุวรรณ์ คงสง (ด้วง)', 'ตรวจเช็คห้อง: Fire Command Room ชั้น: 1 รอบ: \'บ่าย\' สถานะ: ปกติ', 'OS X', '2022-05-23 15:19:14', '2022-05-23 15:19:14'),
(760, 'สุวรรณ์ คงสง (ด้วง)', 'ตรวจเช็คห้อง: Fire Pump Room ชั้น: 1 รอบ: \'บ่าย\' สถานะ: ปกติ', 'OS X', '2022-05-23 15:21:52', '2022-05-23 15:21:52'),
(761, 'สุวรรณ์ คงสง (ด้วง)', 'ตรวจเช็คห้อง: RMU Room ชั้น: 1 รอบ: \'บ่าย\' สถานะ: ปกติ', 'OS X', '2022-05-23 15:23:28', '2022-05-23 15:23:28'),
(762, 'สุวรรณ์ คงสง (ด้วง)', 'ตรวจเช็คห้อง: HV Room ชั้น: 1 รอบ: \'บ่าย\' สถานะ: ปกติ', 'OS X', '2022-05-23 15:24:09', '2022-05-23 15:24:09'),
(763, 'โยธิน วิริยะโชติ (กัน)', 'ตรวจเช็คห้อง: RMU Room ชั้น: 1 รอบ: \'ค่ำ\' สถานะ: ปกติ', 'iOS', '2022-05-23 15:24:53', '2022-05-23 15:24:53'),
(764, 'โยธิน วิริยะโชติ (กัน)', 'ตรวจเช็คห้อง: HV Room ชั้น: 1 รอบ: \'ค่ำ\' สถานะ: ปกติ', 'iOS', '2022-05-23 15:25:17', '2022-05-23 15:25:17'),
(765, 'โยธิน วิริยะโชติ (กัน)', 'ตรวจเช็คห้อง: Fire Pump Room ชั้น: 1 รอบ: \'ค่ำ\' สถานะ: ปกติ', 'iOS', '2022-05-23 15:35:48', '2022-05-23 15:35:48'),
(766, 'โยธิน วิริยะโชติ (กัน)', 'ตรวจเช็คห้อง: Fire Command Room ชั้น: 1 รอบ: \'ค่ำ\' สถานะ: ปกติ', 'iOS', '2022-05-23 15:36:17', '2022-05-23 15:36:17'),
(767, 'โยธิน วิริยะโชติ (กัน)', 'ตรวจเช็คห้อง: Chiller Room ชั้น: 5 รอบ: \'ค่ำ\' สถานะ: ปกติ', 'iOS', '2022-05-23 15:38:01', '2022-05-23 15:38:01'),
(768, 'โยธิน วิริยะโชติ (กัน)', 'ตรวจเช็คห้อง: MDB Room ชั้น: 5 รอบ: \'ค่ำ\' สถานะ: ปกติ', 'iOS', '2022-05-23 15:38:39', '2022-05-23 15:38:39'),
(769, 'โยธิน วิริยะโชติ (กัน)', 'ตรวจเช็คห้อง: EE Room 15 ชั้น: 15 รอบ: \'ค่ำ\' สถานะ: ปกติ', 'iOS', '2022-05-23 16:00:33', '2022-05-23 16:00:33'),
(770, 'โยธิน วิริยะโชติ (กัน)', 'ตรวจเช็คห้อง: EE Room 14 ชั้น: 14 รอบ: \'ค่ำ\' สถานะ: ปกติ', 'iOS', '2022-05-23 16:10:18', '2022-05-23 16:10:18'),
(771, 'โยธิน วิริยะโชติ (กัน)', 'ตรวจเช็คห้อง: EE Room 14-1 ชั้น: 14 รอบ: \'ค่ำ\' สถานะ: ปกติ', 'iOS', '2022-05-23 16:10:54', '2022-05-23 16:10:54'),
(772, 'โยธิน วิริยะโชติ (กัน)', 'ตรวจเช็คห้อง: EE Room 12 ชั้น: 12 รอบ: \'ค่ำ\' สถานะ: พบปัญหา', 'iOS', '2022-05-23 16:12:24', '2022-05-23 16:12:24'),
(773, 'โยธิน วิริยะโชติ (กัน)', 'ตรวจเช็คห้อง: EE Room 11 ชั้น: 11 รอบ: \'ค่ำ\' สถานะ: ปกติ', 'iOS', '2022-05-23 16:13:23', '2022-05-23 16:13:23'),
(774, 'โยธิน วิริยะโชติ (กัน)', 'ตรวจเช็คห้อง: EE Room 11-1 ชั้น: 11 รอบ: \'ค่ำ\' สถานะ: ปกติ', 'iOS', '2022-05-23 16:13:54', '2022-05-23 16:13:54'),
(775, 'โยธิน วิริยะโชติ (กัน)', 'ตรวจเช็คห้อง: EE Room 10 ชั้น: 10 รอบ: \'ค่ำ\' สถานะ: ปกติ', 'iOS', '2022-05-23 16:14:49', '2022-05-23 16:14:49'),
(776, 'โยธิน วิริยะโชติ (กัน)', 'ตรวจเช็คห้อง: EE Room 9 ชั้น: 9 รอบ: \'ค่ำ\' สถานะ: ปกติ', 'iOS', '2022-05-23 16:15:30', '2022-05-23 16:15:30'),
(777, 'โยธิน วิริยะโชติ (กัน)', 'ตรวจเช็คห้อง: EE Room 9-1 ชั้น: 9 รอบ: \'ค่ำ\' สถานะ: ปกติ', 'iOS', '2022-05-23 16:16:07', '2022-05-23 16:16:07'),
(778, 'โยธิน วิริยะโชติ (กัน)', 'ตรวจเช็คห้อง: EE Room 8 ชั้น: 8 รอบ: \'ค่ำ\' สถานะ: ปกติ', 'iOS', '2022-05-23 16:16:37', '2022-05-23 16:16:37'),
(779, 'โยธิน วิริยะโชติ (กัน)', 'ตรวจเช็คห้อง: EE Room 7 ชั้น: 7 รอบ: \'ค่ำ\' สถานะ: ปกติ', 'iOS', '2022-05-23 16:17:11', '2022-05-23 16:17:11'),
(780, 'โยธิน วิริยะโชติ (กัน)', 'ตรวจเช็คห้อง: EE Room 7-1 ชั้น: 7 รอบ: \'ค่ำ\' สถานะ: ปกติ', 'iOS', '2022-05-23 16:17:33', '2022-05-23 16:17:33'),
(781, 'โยธิน วิริยะโชติ (กัน)', 'ตรวจเช็คห้อง: Generator Room ชั้น: 6 รอบ: \'ค่ำ\' สถานะ: ปกติ', 'iOS', '2022-05-23 16:18:28', '2022-05-23 16:18:28'),
(782, 'โยธิน วิริยะโชติ (กัน)', 'ตรวจเช็คห้อง: EE Room 6 ชั้น: 6 รอบ: \'ค่ำ\' สถานะ: ปกติ', 'iOS', '2022-05-23 16:18:52', '2022-05-23 16:18:52'),
(783, 'โยธิน วิริยะโชติ (กัน)', 'ตรวจเช็คห้อง: Pressurized Fan ชั้น: 4 รอบ: \'ค่ำ\' สถานะ: ปกติ', 'iOS', '2022-05-23 16:20:11', '2022-05-23 16:20:11'),
(784, 'โยธิน วิริยะโชติ (กัน)', 'ตรวจเช็คห้อง: EE Room 4 ชั้น: 4 รอบ: \'ค่ำ\' สถานะ: ปกติ', 'iOS', '2022-05-23 16:20:32', '2022-05-23 16:20:32'),
(785, 'โยธิน วิริยะโชติ (กัน)', 'ตรวจเช็คห้อง: Fan Room 4 ชั้น: 4 รอบ: \'ค่ำ\' สถานะ: ปกติ', 'iOS', '2022-05-23 16:21:27', '2022-05-23 16:21:27'),
(786, 'โยธิน วิริยะโชติ (กัน)', 'ตรวจเช็คห้อง: EE Room 2 ชั้น: 2 รอบ: \'ค่ำ\' สถานะ: ปกติ', 'iOS', '2022-05-23 16:22:41', '2022-05-23 16:22:41'),
(787, 'โยธิน วิริยะโชติ (กัน)', 'ตรวจเช็คห้อง: MDB Room ชั้น: 5 รอบ: \'เช้า\' สถานะ: ปกติ', 'iOS', '2022-05-23 22:02:09', '2022-05-23 22:02:09'),
(788, 'โยธิน วิริยะโชติ (กัน)', 'ตรวจเช็คห้อง: Chiller Room ชั้น: 5 รอบ: \'เช้า\' สถานะ: ปกติ', 'iOS', '2022-05-23 22:02:50', '2022-05-23 22:02:50'),
(789, 'โยธิน วิริยะโชติ (กัน)', 'ตรวจเช็คห้อง: EE Room 15 ชั้น: 15 รอบ: \'เช้า\' สถานะ: ปกติ', 'iOS', '2022-05-23 22:12:19', '2022-05-23 22:12:19'),
(790, 'โยธิน วิริยะโชติ (กัน)', 'ตรวจเช็คห้อง: EE Room 14 ชั้น: 14 รอบ: \'เช้า\' สถานะ: ปกติ', 'iOS', '2022-05-23 22:14:17', '2022-05-23 22:14:17'),
(791, 'โยธิน วิริยะโชติ (กัน)', 'ตรวจเช็คห้อง: EE Room 14-1 ชั้น: 14 รอบ: \'เช้า\' สถานะ: ปกติ', 'iOS', '2022-05-23 22:14:46', '2022-05-23 22:14:46'),
(792, 'โยธิน วิริยะโชติ (กัน)', 'ตรวจเช็คห้อง: EE Room 12 ชั้น: 12 รอบ: \'เช้า\' สถานะ: ปกติ', 'iOS', '2022-05-23 22:15:35', '2022-05-23 22:15:35'),
(793, 'โยธิน วิริยะโชติ (กัน)', 'ตรวจเช็คห้อง: EE Room 11 ชั้น: 11 รอบ: \'เช้า\' สถานะ: ปกติ', 'iOS', '2022-05-23 22:16:08', '2022-05-23 22:16:08'),
(794, 'โยธิน วิริยะโชติ (กัน)', 'ตรวจเช็คห้อง: EE Room 11-1 ชั้น: 11 รอบ: \'เช้า\' สถานะ: ปกติ', 'iOS', '2022-05-23 22:16:33', '2022-05-23 22:16:33'),
(795, 'โยธิน วิริยะโชติ (กัน)', 'ตรวจเช็คห้อง: EE Room 10 ชั้น: 10 รอบ: \'เช้า\' สถานะ: ปกติ', 'iOS', '2022-05-23 22:17:28', '2022-05-23 22:17:28'),
(796, 'โยธิน วิริยะโชติ (กัน)', 'ตรวจเช็คห้อง: EE Room 9 ชั้น: 9 รอบ: \'เช้า\' สถานะ: ปกติ', 'iOS', '2022-05-23 22:18:07', '2022-05-23 22:18:07'),
(797, 'โยธิน วิริยะโชติ (กัน)', 'ตรวจเช็คห้อง: EE Room 9-1 ชั้น: 9 รอบ: \'เช้า\' สถานะ: ปกติ', 'iOS', '2022-05-23 22:18:31', '2022-05-23 22:18:31'),
(798, 'โยธิน วิริยะโชติ (กัน)', 'ตรวจเช็คห้อง: EE Room 8 ชั้น: 8 รอบ: \'เช้า\' สถานะ: ปกติ', 'iOS', '2022-05-23 22:19:05', '2022-05-23 22:19:05'),
(799, 'โยธิน วิริยะโชติ (กัน)', 'ตรวจเช็คห้อง: EE Room 7 ชั้น: 7 รอบ: \'เช้า\' สถานะ: ปกติ', 'iOS', '2022-05-23 22:19:35', '2022-05-23 22:19:35'),
(800, 'โยธิน วิริยะโชติ (กัน)', 'ตรวจเช็คห้อง: EE Room 7-1 ชั้น: 7 รอบ: \'เช้า\' สถานะ: ปกติ', 'iOS', '2022-05-23 22:19:55', '2022-05-23 22:19:55'),
(801, 'โยธิน วิริยะโชติ (กัน)', 'ตรวจเช็คห้อง: EE Room 6 ชั้น: 6 รอบ: \'เช้า\' สถานะ: ปกติ', 'iOS', '2022-05-23 22:20:39', '2022-05-23 22:20:39'),
(802, 'โยธิน วิริยะโชติ (กัน)', 'ตรวจเช็คห้อง: Generator Room ชั้น: 6 รอบ: \'เช้า\' สถานะ: ปกติ', 'iOS', '2022-05-23 22:21:03', '2022-05-23 22:21:03'),
(803, 'โยธิน วิริยะโชติ (กัน)', 'ตรวจเช็คห้อง: Pressurized Fan ชั้น: 4 รอบ: \'เช้า\' สถานะ: ปกติ', 'iOS', '2022-05-23 22:22:19', '2022-05-23 22:22:19'),
(804, 'โยธิน วิริยะโชติ (กัน)', 'ตรวจเช็คห้อง: EE Room 4 ชั้น: 4 รอบ: \'เช้า\' สถานะ: ปกติ', 'iOS', '2022-05-23 22:23:08', '2022-05-23 22:23:08'),
(805, 'โยธิน วิริยะโชติ (กัน)', 'ตรวจเช็คห้อง: EE Room 4 ชั้น: 4 รอบ: \'เช้า\' สถานะ: ปกติ', 'iOS', '2022-05-23 22:23:39', '2022-05-23 22:23:39'),
(806, 'โยธิน วิริยะโชติ (กัน)', 'ตรวจเช็คห้อง: Fan Room 4 ชั้น: 4 รอบ: \'เช้า\' สถานะ: ปกติ', 'iOS', '2022-05-23 22:24:33', '2022-05-23 22:24:33'),
(807, 'โยธิน วิริยะโชติ (กัน)', 'ตรวจเช็คห้อง: Fan Room 4 ชั้น: 4 รอบ: \'เช้า\' สถานะ: ปกติ', 'iOS', '2022-05-23 22:24:55', '2022-05-23 22:24:55'),
(808, 'โยธิน วิริยะโชติ (กัน)', 'ตรวจเช็คห้อง: EE Room 3 ชั้น: 3 รอบ: \'เช้า\' สถานะ: ปกติ', 'iOS', '2022-05-23 22:27:20', '2022-05-23 22:27:20'),
(809, 'โยธิน วิริยะโชติ (กัน)', 'ตรวจเช็คห้อง: EE Room 2 ชั้น: 2 รอบ: \'เช้า\' สถานะ: ปกติ', 'iOS', '2022-05-23 22:27:38', '2022-05-23 22:27:38'),
(810, 'โยธิน วิริยะโชติ (กัน)', 'ตรวจเช็คห้อง: Fire Command Room ชั้น: 1 รอบ: \'เช้า\' สถานะ: ปกติ', 'iOS', '2022-05-23 22:28:56', '2022-05-23 22:28:56'),
(811, 'โยธิน วิริยะโชติ (กัน)', 'ตรวจเช็คห้อง: Fire Pump Room ชั้น: 1 รอบ: \'เช้า\' สถานะ: ปกติ', 'iOS', '2022-05-23 22:31:12', '2022-05-23 22:31:12'),
(812, 'โยธิน วิริยะโชติ (กัน)', 'ตรวจเช็คห้อง: RMU Room ชั้น: 1 รอบ: \'เช้า\' สถานะ: ปกติ', 'iOS', '2022-05-23 22:32:44', '2022-05-23 22:32:44'),
(813, 'โยธิน วิริยะโชติ (กัน)', 'ตรวจเช็คห้อง: HV Room ชั้น: 1 รอบ: \'เช้า\' สถานะ: ปกติ', 'iOS', '2022-05-23 22:33:01', '2022-05-23 22:33:01'),
(814, 'Admin Managment (แอดมิน)', 'มอบหมายให้: Engineer\nเพิ่มมูลรายการ: ส่งรายการปั้มชู๊ทให้เปาจัดซื้อหาเจ้าอื่น', 'Windows', '2022-05-24 03:32:03', '2022-05-24 03:32:03'),
(815, 'Admin Managment (แอดมิน)', 'มอบหมายให้: Engineer\nเพิ่มมูลรายการ: ส่งรายการ BOQ แอร์ลานหอยให้เปาหาเจ้าอื่น', 'Windows', '2022-05-24 05:34:01', '2022-05-24 05:34:01'),
(816, 'Admin Managment (แอดมิน)', 'มอบหมายให้: Engineer\nเพิ่มมูลรายการ: คุยกับ ผอ.ลานหอยเรื่อง GEN', 'Windows', '2022-05-24 05:34:48', '2022-05-24 05:34:48'),
(817, 'Admin Managment (แอดมิน)', 'มอบหมายให้: Engineer\nเพิ่มมูลรายการ: เร่งใบเสนอราคาระบบป้องกันฟ้าผ่าลานหอย', 'Windows', '2022-05-24 05:35:43', '2022-05-24 05:35:43'),
(818, 'Admin Managment (แอดมิน)', 'มอบหมายให้: Engineer\nเพิ่มมูลรายการ: หา ผรม. Louver ในพิษณุโลก สุโขทัย ตาก', 'Windows', '2022-05-24 05:36:31', '2022-05-24 05:36:31'),
(819, 'Admin Managment (แอดมิน)', 'มอบหมายให้: Engineer\nเพิ่มมูลรายการ: ทำรายการสั่งของ สุขภัณฑ์ โคมไฟ LAN กล้องวงจรปิด', 'Windows', '2022-05-24 05:37:55', '2022-05-24 05:37:55'),
(820, 'Admin Managment (แอดมิน)', 'มอบหมายให้: Operation\nเพิ่มมูลรายการ: ติดตามเอกสารเคลมกระจกชั้น 6', 'Windows', '2022-05-24 05:40:57', '2022-05-24 05:40:57'),
(821, 'Admin Managment (แอดมิน)', 'มอบหมายให้: Operation\nเพิ่มมูลรายการ: นัดประชุมหารือ ข้อสรุปการแก้ไขปัญหาน้ำรั่ว AAG', 'Windows', '2022-05-24 05:41:26', '2022-05-24 05:41:26'),
(822, 'Admin Managment (แอดมิน)', 'มอบหมายให้: Operation\nเพิ่มมูลรายการ: ใบเสนอราคาม่านควัน', 'Windows', '2022-05-24 05:43:07', '2022-05-24 05:43:07'),
(823, 'Admin Managment (แอดมิน)', 'มอบหมายให้: Operation\nเพิ่มมูลรายการ: สรุปสเปค และใบเนอราคาแอร์ห้องคอนโทรลชั้น 5', 'Windows', '2022-05-24 05:44:53', '2022-05-24 05:44:53'),
(824, 'Admin Managment (แอดมิน)', 'มอบหมายให้: Operation\nเพิ่มมูลรายการ: แก้ไขปัญหาเรื่อง BS control ชั้น 8,AHU5-03,Chiller No.2', 'Windows', '2022-05-24 05:45:46', '2022-05-24 05:45:46'),
(825, 'Admin Managment (แอดมิน)', 'มอบหมายให้: Operation\nเพิ่มมูลรายการ: เดินระบบไฟชั้น 11 อีก 1 ชุด', 'Windows', '2022-05-24 05:47:11', '2022-05-24 05:47:11'),
(826, 'Admin Managment (แอดมิน)', 'มอบหมายให้: Operation\nเพิ่มมูลรายการ: หาเครื่องจ่ายโฟมตัวใหม่', 'Windows', '2022-05-24 05:47:48', '2022-05-24 05:47:48'),
(827, 'Admin Managment (แอดมิน)', 'มอบหมายให้: Operation\nเพิ่มมูลรายการ: สั่งทำป้ายอคิลิก เมืองไทยเพเลเทอร์', 'Windows', '2022-05-24 05:48:25', '2022-05-24 05:48:25'),
(828, 'Admin Managment (แอดมิน)', 'มอบหมายให้: Operation\nเพิ่มมูลรายการ: แก้ไข Overflow น้ำพุ,ตะแกรงในบ่อน้ำพุ,และวิธีการล้างน้ำพุ', 'Windows', '2022-05-24 05:49:53', '2022-05-24 05:49:53'),
(829, 'Admin Managment (แอดมิน)', 'มอบหมายให้: Operation\nเพิ่มมูลรายการ: แก้ไขสลิงต้นไม้ด้านหน้า รวมถึงเพิ่ม support สลิงสำหรับต้นไม้ที่จะเอามาลงใหม่ ตรวจสอบระบบสปริงเกอร์', 'Windows', '2022-05-24 05:51:30', '2022-05-24 05:51:30'),
(830, 'Admin Managment (แอดมิน)', 'มอบหมายให้: Reception\nเพิ่มมูลรายการ: ปรับปรุง Green wall ป้ายด้านหน้าอาคาร และตรวจสอบระบบรดน้ำต้นไม้', 'Windows', '2022-05-24 05:56:40', '2022-05-24 05:56:40'),
(831, 'Admin Managment (แอดมิน)', 'มอบหมายให้: Reception\nเพิ่มมูลรายการ: หา ผรม. ปลูกต้นไม้รั้วฝั่งวัดด้านนอกอาคาร', 'Windows', '2022-05-24 05:57:18', '2022-05-24 05:57:18'),
(832, 'Admin Managment (แอดมิน)', 'มอบหมายให้: Reception\nเพิ่มมูลรายการ: เคลมเก้าอี้ เพอร์เฟค', 'Windows', '2022-05-24 05:57:41', '2022-05-24 05:57:41'),
(833, 'Admin Managment (แอดมิน)', 'มอบหมายให้: Reception\nเพิ่มมูลรายการ: ติดตามเรื่องพรมชั้น 10', 'Windows', '2022-05-24 05:58:08', '2022-05-24 05:58:08'),
(834, 'Admin Managment (แอดมิน)', 'มอบหมายให้: Reception\nเพิ่มมูลรายการ: ป้ายชื่อต้นไม้', 'Windows', '2022-05-24 05:58:26', '2022-05-24 05:58:26'),
(835, 'Admin Managment (แอดมิน)', 'มอบหมายให้: Reception\nเพิ่มมูลรายการ: หาต้นซิลเวอร์โอ๊ค 6/8 นิ้วมาปลูกแทนต้นเก่า', 'Windows', '2022-05-24 05:59:28', '2022-05-24 05:59:28'),
(836, 'Admin Managment (แอดมิน)', 'มอบหมายให้: Reception\nเพิ่มมูลรายการ: ทำคลิป special coffee', 'Windows', '2022-05-24 06:00:12', '2022-05-24 06:00:12'),
(837, 'Admin Managment (แอดมิน)', 'มอบหมายให้: Reception\nเพิ่มมูลรายการ: กรอบรูปชั้น 10 และฟิตเนส', 'Windows', '2022-05-24 06:00:46', '2022-05-24 06:00:46'),
(838, 'Admin Managment (แอดมิน)', 'มอบหมายให้: Reception\nเพิ่มมูลรายการ: ปรับปรุงกระถางต้นไม้และต้นไม้ปลอมชั้น G', 'Windows', '2022-05-24 06:01:35', '2022-05-24 06:01:35'),
(839, 'Admin Managment (แอดมิน)', 'มอบหมายให้: (3)Operation/Reception/Engineer\nเพิ่มมูลรายการ: ปรับปรุงรั้วด้านข้าง', 'Windows', '2022-05-24 06:03:39', '2022-05-24 06:03:39'),
(840, 'Admin Managment (แอดมิน)', 'มอบหมายให้: Reception\nเพิ่มมูลรายการ: ถังขยะร้านกาแฟ', 'Windows', '2022-05-24 06:04:03', '2022-05-24 06:04:03'),
(841, 'Admin Managment (แอดมิน)', 'มอบหมายให้: Operation\nเพิ่มมูลรายการ: ติดตามการแก้ไข UPS ชั้น 12', 'Windows', '2022-05-24 06:09:00', '2022-05-24 06:09:00'),
(842, 'Admin Managment (แอดมิน)', 'มอบหมายให้: Operation\nเพิ่มมูลรายการ: ติดตามการแก้ไข Turnstile', 'Windows', '2022-05-24 06:09:47', '2022-05-24 06:09:47'),
(843, 'Admin Managment (แอดมิน)', 'มอบหมายให้: Operation\nเพิ่มมูลรายการ: ติดตามการรื้อ ติดตั้ง fiiber ด้านข้างกำแพง', 'Windows', '2022-05-24 06:10:32', '2022-05-24 06:10:32'),
(844, 'Admin Managment (แอดมิน)', 'มอบหมายให้: Programmer\nเพิ่มมูลรายการ: ปรับปรุงระบบโปรแกรมประเมิน', 'Windows', '2022-05-24 06:12:29', '2022-05-24 06:12:29'),
(845, 'Admin Managment (แอดมิน)', 'มอบหมายให้: Programmer\nเพิ่มมูลรายการ: คิดค้น พัฒนาโปรแกรมค่าน้ำค่าไฟ', 'Windows', '2022-05-24 06:12:57', '2022-05-24 06:12:57'),
(846, 'Admin Managment (แอดมิน)', 'มอบหมายให้: Programmer\nเพิ่มมูลรายการ: ปรับปรุงระบบเช็คห้องเครื่อง', 'Windows', '2022-05-24 06:13:35', '2022-05-24 06:13:35'),
(847, 'Admin Managment (แอดมิน)', 'มอบหมายให้: Programmer\nเพิ่มมูลรายการ: จัดทำระบบจัดเก็บประวัติเครื่องจักร', 'Windows', '2022-05-24 06:14:36', '2022-05-24 06:14:36'),
(848, 'Admin Managment (แอดมิน)', 'มอบหมายให้: Programmer\nเพิ่มมูลรายการ: จัดทำระบบแผน PM', 'Windows', '2022-05-24 06:14:53', '2022-05-24 06:14:53'),
(849, 'อาทิตย์ ศรีจันทร์ (เจมส์)', 'มอบหมายให้: Programmer\nอัพเดทข้อมูลรายการ: ปรับปรุงระบบเช็คห้องเครื่อง\nโดยเปลี่ยนแปลงข้อมูลเป็น: 1.รับทราบแล้ว', 'Windows', '2022-05-24 07:02:28', '2022-05-24 07:02:28'),
(850, 'สุวรรณ์ คงสง (ด้วง)', 'ตรวจเช็คห้อง: MDB Room ชั้น: 5 รอบ: \'บ่าย\' สถานะ: ปกติ', 'OS X', '2022-05-24 07:24:34', '2022-05-24 07:24:34'),
(851, 'สุวรรณ์ คงสง (ด้วง)', 'ตรวจเช็คห้อง: Chiller Room ชั้น: 5 รอบ: \'บ่าย\' สถานะ: ปกติ', 'OS X', '2022-05-24 07:25:45', '2022-05-24 07:25:45'),
(852, 'สุวรรณ์ คงสง (ด้วง)', 'ตรวจเช็คห้อง: EE Room 15 ชั้น: 15 รอบ: \'บ่าย\' สถานะ: ปกติ', 'OS X', '2022-05-24 07:27:51', '2022-05-24 07:27:51'),
(853, 'สุวรรณ์ คงสง (ด้วง)', 'ตรวจเช็คห้อง: Lift Room ชั้น: 16 รอบ: \'บ่าย\' สถานะ: ปกติ', 'OS X', '2022-05-24 07:34:32', '2022-05-24 07:34:32'),
(854, 'สุวรรณ์ คงสง (ด้วง)', 'ตรวจเช็คห้อง: EE Room 14-1 ชั้น: 14 รอบ: \'บ่าย\' สถานะ: ปกติ', 'OS X', '2022-05-24 07:37:27', '2022-05-24 07:37:27'),
(855, 'สุวรรณ์ คงสง (ด้วง)', 'ตรวจเช็คห้อง: EE Room 14 ชั้น: 14 รอบ: \'บ่าย\' สถานะ: ปกติ', 'OS X', '2022-05-24 07:39:29', '2022-05-24 07:39:29'),
(856, 'สุวรรณ์ คงสง (ด้วง)', 'ตรวจเช็คห้อง: EE Room 12 ชั้น: 12 รอบ: \'บ่าย\' สถานะ: ปกติ', 'OS X', '2022-05-24 07:40:43', '2022-05-24 07:40:43'),
(857, 'สุวรรณ์ คงสง (ด้วง)', 'ตรวจเช็คห้อง: EE Room 11 ชั้น: 11 รอบ: \'บ่าย\' สถานะ: ปกติ', 'OS X', '2022-05-24 07:41:49', '2022-05-24 07:41:49'),
(858, 'สุวรรณ์ คงสง (ด้วง)', 'ตรวจเช็คห้อง: EE Room 11-1 ชั้น: 11 รอบ: \'บ่าย\' สถานะ: ปกติ', 'OS X', '2022-05-24 07:42:23', '2022-05-24 07:42:23'),
(859, 'สุวรรณ์ คงสง (ด้วง)', 'ตรวจเช็คห้อง: EE Room 10 ชั้น: 10 รอบ: \'บ่าย\' สถานะ: ปกติ', 'OS X', '2022-05-24 07:43:39', '2022-05-24 07:43:39'),
(860, 'สุวรรณ์ คงสง (ด้วง)', 'ตรวจเช็คห้อง: EE Room 9 ชั้น: 9 รอบ: \'บ่าย\' สถานะ: ปกติ', 'OS X', '2022-05-24 07:44:46', '2022-05-24 07:44:46'),
(861, 'สุวรรณ์ คงสง (ด้วง)', 'ตรวจเช็คห้อง: EE Room 9-1 ชั้น: 9 รอบ: \'บ่าย\' สถานะ: ปกติ', 'OS X', '2022-05-24 07:45:22', '2022-05-24 07:45:22'),
(862, 'สุวรรณ์ คงสง (ด้วง)', 'ตรวจเช็คห้อง: EE Room 8 ชั้น: 8 รอบ: \'บ่าย\' สถานะ: ปกติ', 'OS X', '2022-05-24 07:46:25', '2022-05-24 07:46:25'),
(863, 'สุวรรณ์ คงสง (ด้วง)', 'ตรวจเช็คห้อง: EE Room 7 ชั้น: 7 รอบ: \'บ่าย\' สถานะ: ปกติ', 'OS X', '2022-05-24 07:47:38', '2022-05-24 07:47:38'),
(864, 'สุวรรณ์ คงสง (ด้วง)', 'ตรวจเช็คห้อง: EE Room 7-1 ชั้น: 7 รอบ: \'บ่าย\' สถานะ: ปกติ', 'OS X', '2022-05-24 07:48:25', '2022-05-24 07:48:25'),
(865, 'สุวรรณ์ คงสง (ด้วง)', 'ตรวจเช็คห้อง: EE Room 6 ชั้น: 6 รอบ: \'บ่าย\' สถานะ: ปกติ', 'OS X', '2022-05-24 07:50:04', '2022-05-24 07:50:04'),
(866, 'สุวรรณ์ คงสง (ด้วง)', 'ตรวจเช็คห้อง: Generator Room ชั้น: 6 รอบ: \'บ่าย\' สถานะ: ปกติ', 'OS X', '2022-05-24 07:50:45', '2022-05-24 07:50:45'),
(867, 'สุวรรณ์ คงสง (ด้วง)', 'ตรวจเช็คห้อง: Pressurized Fan ชั้น: 4 รอบ: \'บ่าย\' สถานะ: ปกติ', 'OS X', '2022-05-24 07:54:11', '2022-05-24 07:54:11'),
(868, 'สุวรรณ์ คงสง (ด้วง)', 'ตรวจเช็คห้อง: Fan Room 4 ชั้น: 4 รอบ: \'บ่าย\' สถานะ: ปกติ', 'OS X', '2022-05-24 07:55:23', '2022-05-24 07:55:23'),
(869, 'สุวรรณ์ คงสง (ด้วง)', 'ตรวจเช็คห้อง: EE Room 4 ชั้น: 4 รอบ: \'บ่าย\' สถานะ: ปกติ', 'OS X', '2022-05-24 07:55:54', '2022-05-24 07:55:54'),
(870, 'สุวรรณ์ คงสง (ด้วง)', 'ตรวจเช็คห้อง: EE Room 2 ชั้น: 2 รอบ: \'บ่าย\' สถานะ: ปกติ', 'OS X', '2022-05-24 07:58:35', '2022-05-24 07:58:35'),
(871, 'สุวรรณ์ คงสง (ด้วง)', 'ตรวจเช็คห้อง: EE Room 3 ชั้น: 3 รอบ: \'บ่าย\' สถานะ: ปกติ', 'OS X', '2022-05-24 08:03:25', '2022-05-24 08:03:25'),
(872, 'สุวรรณ์ คงสง (ด้วง)', 'ตรวจเช็คห้อง: Fire Command Room ชั้น: 1 รอบ: \'บ่าย\' สถานะ: ปกติ', 'OS X', '2022-05-24 08:03:55', '2022-05-24 08:03:55'),
(873, 'สุวรรณ์ คงสง (ด้วง)', 'ตรวจเช็คห้อง: Fire Pump Room ชั้น: 1 รอบ: \'บ่าย\' สถานะ: ปกติ', 'OS X', '2022-05-24 08:06:16', '2022-05-24 08:06:16'),
(874, 'สุวรรณ์ คงสง (ด้วง)', 'ตรวจเช็คห้อง: HV Room ชั้น: 1 รอบ: \'บ่าย\' สถานะ: ปกติ', 'OS X', '2022-05-24 08:08:46', '2022-05-24 08:08:46'),
(875, 'สุวรรณ์ คงสง (ด้วง)', 'ตรวจเช็คห้อง: RMU Room ชั้น: 1 รอบ: \'บ่าย\' สถานะ: ปกติ', 'OS X', '2022-05-24 08:09:35', '2022-05-24 08:09:35'),
(876, 'อมเทพ ภูฆัง (ฟลุค)', 'มอบหมายให้: Engineer\nเพิ่มมูลรายการ: หาสาย EV Charge บ้านท่านประธานยาว 7 เมตร', 'Windows', '2022-05-24 08:28:57', '2022-05-24 08:28:57'),
(877, 'อมเทพ ภูฆัง (ฟลุค)', 'มอบหมายให้: Engineer\nเพิ่มมูลรายการ: ประสานชุมชนย้ายต้นไม้ออก', 'Windows', '2022-05-24 08:43:44', '2022-05-24 08:43:44'),
(878, 'อมเทพ ภูฆัง (ฟลุค)', 'มอบหมายให้: Sustain\nเพิ่มมูลรายการ: หาวิธีบำบัดน้ำจากคลอง และการตรวจคุณภาพน้ำ', 'Windows', '2022-05-24 08:46:38', '2022-05-24 08:46:38'),
(879, 'อมเทพ ภูฆัง (ฟลุค)', 'มอบหมายให้: Operation\nเพิ่มมูลรายการ: ส่งเมล์แก้ไขแบบแปลนให้ ITD', 'Windows', '2022-05-24 08:49:45', '2022-05-24 08:49:45'),
(880, 'อมเทพ ภูฆัง (ฟลุค)', 'มอบหมายให้: Sustain\nเพิ่มมูลรายการ: นำวัสดุ Recycle มาทำเป็นอุปกรณ์สำนักงาน', 'Windows', '2022-05-24 08:50:33', '2022-05-24 08:50:33'),
(881, 'อมเทพ ภูฆัง (ฟลุค)', 'มอบหมายให้: Sustain\nเพิ่มมูลรายการ: ตอบแบบประเมิน  THSI', 'Windows', '2022-05-24 08:50:50', '2022-05-24 08:50:50'),
(882, 'อมเทพ ภูฆัง (ฟลุค)', 'มอบหมายให้: Sustain\nเพิ่มมูลรายการ: ยื่นขอใบ Certificate LEED', 'Windows', '2022-05-24 08:52:03', '2022-05-24 08:52:03'),
(883, 'อมเทพ ภูฆัง (ฟลุค)', 'มอบหมายให้: Sustain\nเพิ่มมูลรายการ: ทำ presentation Friday, 10 June |  9.00am – 10.00am (TH time)\r\nAudience: KPMG ASPAC ESG Assurance leaders', 'Windows', '2022-05-24 08:55:49', '2022-05-24 08:55:49'),
(884, 'อมเทพ ภูฆัง (ฟลุค)', 'มอบหมายให้: Sustain\nเพิ่มมูลรายการ: ทำตัวชี้วัดรายงานความเสี่ยงด้านสิ่งแวดล้อมที่ต้องรายงานบอร์ดเดือนสิงหาคม', 'Windows', '2022-05-24 09:07:17', '2022-05-24 09:07:17'),
(885, 'สุรศักดิ์ วารุลังค์ (แจ๊ค)', 'มอบหมายให้: Operation\nอัพเดทข้อมูลรายการ: สรุปสเปค และใบเนอราคาแอร์ห้องคอนโทรลชั้น 5\nโดยเปลี่ยนแปลงข้อมูลเป็น: 1.รับทราบแล้ว', 'Windows', '2022-05-24 10:01:30', '2022-05-24 10:01:30'),
(886, 'อมเทพ ภูฆัง (ฟลุค)', 'มอบหมายให้: Operation\nเพิ่มมูลรายการ: หา ผรม.เดินระบบเสาไฟฟ้ารั้วข้างวัด', 'Windows', '2022-05-24 10:03:15', '2022-05-24 10:03:15'),
(887, 'อมเทพ ภูฆัง (ฟลุค)', 'มอบหมายให้: Operation\nเพิ่มมูลรายการ: ติดตั้ง hoist crane และเช็คบ่อ submerge', 'Windows', '2022-05-24 10:05:04', '2022-05-24 10:05:04'),
(888, 'อมเทพ ภูฆัง (ฟลุค)', 'มอบหมายให้: Operation\nเพิ่มมูลรายการ: ติดตั้งกล้อง CCTV ห้องเบรก', 'Windows', '2022-05-24 10:05:39', '2022-05-24 10:05:39'),
(889, 'อมเทพ ภูฆัง (ฟลุค)', 'มอบหมายให้: Reception\nเพิ่มมูลรายการ: ย้ายของคืนโต๊ะร้านกาแฟ', 'Windows', '2022-05-24 10:06:43', '2022-05-24 10:06:43'),
(890, 'อมเทพ ภูฆัง (ฟลุค)', 'มอบหมายให้: Operation\nเพิ่มมูลรายการ: ใส่ยางต้นซิลเวอร์โอ๊ค', 'Windows', '2022-05-24 10:07:05', '2022-05-24 10:07:05'),
(891, 'อมเทพ ภูฆัง (ฟลุค)', 'มอบหมายให้: Operation\nเพิ่มมูลรายการ: ตรวจสอบอาคาร', 'Windows', '2022-05-24 10:07:27', '2022-05-24 10:07:27'),
(892, 'อมเทพ ภูฆัง (ฟลุค)', 'มอบหมายให้: Operation\nเพิ่มมูลรายการ: วิเคราะห์ค่าไฟ', 'Windows', '2022-05-24 10:07:49', '2022-05-24 10:07:49'),
(893, 'อมเทพ ภูฆัง (ฟลุค)', 'มอบหมายให้: Operation\nเพิ่มมูลรายการ: วิเคราะห์ค่าน้ำ', 'Windows', '2022-05-24 10:08:03', '2022-05-24 10:08:03'),
(894, 'อมเทพ ภูฆัง (ฟลุค)', 'มอบหมายให้: Operation\nเพิ่มมูลรายการ: ศึกษาระบบ Fire alarm', 'Windows', '2022-05-24 10:08:37', '2022-05-24 10:08:37'),
(895, 'อมเทพ ภูฆัง (ฟลุค)', 'มอบหมายให้: Operation\nเพิ่มมูลรายการ: ออกแบบป้ายวัดอาวุธ', 'Windows', '2022-05-24 10:09:51', '2022-05-24 10:09:51'),
(896, 'อมเทพ ภูฆัง (ฟลุค)', 'มอบหมายให้: Operation\nเพิ่มมูลรายการ: แก้ไขโคมไฟห้องคุณบูม', 'Windows', '2022-05-24 10:10:32', '2022-05-24 10:10:32'),
(897, 'อมเทพ ภูฆัง (ฟลุค)', 'มอบหมายให้: Operation\nเพิ่มมูลรายการ: แก้ไขม่านห้องแพนทรีชั้น 14', 'Windows', '2022-05-24 10:11:24', '2022-05-24 10:11:24'),
(898, 'อมเทพ ภูฆัง (ฟลุค)', 'มอบหมายให้: Operation\nเพิ่มมูลรายการ: ประตูลิฟต์ Fireman ชั้น G ล็อคไม่ได้', 'Windows', '2022-05-24 10:11:55', '2022-05-24 10:11:55'),
(899, 'พลรัตน์ กองนึก (ปั๊ม)', 'มอบหมายให้: Engineer\nอัพเดทข้อมูลรายการ: เร่งใบเสนอราคาระบบป้องกันฟ้าผ่าลานหอย\nโดยเปลี่ยนแปลงข้อมูลเป็น: รอต่อราคา', 'Windows', '2022-05-24 10:31:34', '2022-05-24 10:31:34'),
(900, 'พลรัตน์ กองนึก (ปั๊ม)', 'มอบหมายให้: Engineer\nอัพเดทข้อมูลรายการ: เร่งใบเสนอราคาระบบป้องกันฟ้าผ่าลานหอย\nโดยเปลี่ยนแปลงข้อมูลเป็น: รอต่อราคาเหลือ130,000บาทไมาเอาvat', 'Windows', '2022-05-24 10:32:05', '2022-05-24 10:32:05'),
(901, 'พลรัตน์ กองนึก (ปั๊ม)', 'มอบหมายให้: Engineer\nอัพเดทข้อมูลรายการ: ส่งรายการปั้มชู๊ทให้เปาจัดซื้อหาเจ้าอื่น\nโดยเปลี่ยนแปลงข้อมูลเป็น: ', 'Windows', '2022-05-24 10:32:36', '2022-05-24 10:32:36'),
(902, 'พลรัตน์ กองนึก (ปั๊ม)', 'มอบหมายให้: Engineer\nอัพเดทข้อมูลรายการ: ส่งรายการ BOQ แอร์ลานหอยให้เปาหาเจ้าอื่น\nโดยเปลี่ยนแปลงข้อมูลเป็น: รอราคา', 'Windows', '2022-05-24 10:34:23', '2022-05-24 10:34:23'),
(903, 'วรัชพล พลปิยะ (โอม)', 'มอบหมายให้: Programmer\nอัพเดทข้อมูลรายการ: ปรับปรุงระบบโปรแกรมประเมิน\nโดยเปลี่ยนแปลงข้อมูลเป็น: 1.รับทราบ', 'Windows', '2022-05-24 10:42:27', '2022-05-24 10:42:27'),
(904, 'พลรัตน์ กองนึก (ปั๊ม)', 'มอบหมายให้: Engineer\nอัพเดทข้อมูลรายการ: คุยกับ ผอ.ลานหอยเรื่อง GEN\nโดยเปลี่ยนแปลงข้อมูลเป็น: ', 'Windows', '2022-05-24 10:42:43', '2022-05-24 10:42:43'),
(905, 'พลรัตน์ กองนึก (ปั๊ม)', 'มอบหมายให้: Engineer\nอัพเดทข้อมูลรายการ: ทำรายการสั่งของ สุขภัณฑ์ โคมไฟ LAN กล้องวงจรปิด\nโดยเปลี่ยนแปลงข้อมูลเป็น: รอผรม.เสนอราคา', 'Windows', '2022-05-24 10:43:06', '2022-05-24 10:43:06'),
(906, 'พลรัตน์ กองนึก (ปั๊ม)', 'มอบหมายให้: Engineer\nอัพเดทข้อมูลรายการ: หา ผรม. Louver ในพิษณุโลก สุโขทัย ตาก\nโดยเปลี่ยนแปลงข้อมูลเป็น: รอผรม.เสนอราคา', 'Windows', '2022-05-24 10:43:27', '2022-05-24 10:43:27'),
(907, 'พลรัตน์ กองนึก (ปั๊ม)', 'มอบหมายให้: Engineer\nอัพเดทข้อมูลรายการ: คุยกับ ผอ.ลานหอยเรื่อง GEN\nโดยเปลี่ยนแปลงข้อมูลเป็น: รอเสนอราคาใหม่', 'Windows', '2022-05-24 10:47:11', '2022-05-24 10:47:11'),
(908, 'พลรัตน์ กองนึก (ปั๊ม)', 'มอบหมายให้: Engineer\nอัพเดทข้อมูลรายการ: ส่งรายการปั้มชู๊ทให้เปาจัดซื้อหาเจ้าอื่น\nโดยเปลี่ยนแปลงข้อมูลเป็น: รอพี่เปาหาเจ้าทำราคา', 'Windows', '2022-05-24 10:47:37', '2022-05-24 10:47:37'),
(909, 'พลรัตน์ กองนึก (ปั๊ม)', 'มอบหมายให้: Engineer\nอัพเดทข้อมูลรายการ: คุยกับ ผอ.ลานหอยเรื่อง GEN\nโดยเปลี่ยนแปลงข้อมูลเป็น: ผอ.รอเสนอราคาย้ายgenใหม่/ถ้าราคาสูงอยู่ให้ทางรพ.ดำเนินการหาวันที่จะย้ายทางเราจะได้เตรียมพื้นไว้ให', 'Windows', '2022-05-24 10:50:17', '2022-05-24 10:50:17'),
(910, 'พลรัตน์ กองนึก (ปั๊ม)', 'มอบหมายให้: Engineer\nอัพเดทข้อมูลรายการ: ส่งรายการ BOQ แอร์ลานหอยให้เปาหาเจ้าอื่น\nโดยเปลี่ยนแปลงข้อมูลเป็น: รอราคาจากพี่เปา', 'Windows', '2022-05-24 10:50:43', '2022-05-24 10:50:43'),
(911, 'พลรัตน์ กองนึก (ปั๊ม)', 'มอบหมายให้: Engineer\nอัพเดทข้อมูลรายการ: หาสาย EV Charge บ้านท่านประธานยาว 7 เมตร\nโดยเปลี่ยนแปลงข้อมูลเป็น: ดำเนินการหาสายยาว 7 เมตร', 'Windows', '2022-05-24 10:52:18', '2022-05-24 10:52:18'),
(912, 'อมเทพ ภูฆัง (ฟลุค)', 'มอบหมายให้: Engineer\nอัพเดทข้อมูลรายการ: ส่งรายการปั้มชู๊ทให้เปาจัดซื้อหาเจ้าอื่น\nโดยเปลี่ยนแปลงข้อมูลเป็น: รอพี่เปาหาเจ้าทำราคา และให้หาเทียบกับเปาด้วย', 'Windows', '2022-05-24 10:57:58', '2022-05-24 10:57:58'),
(913, 'อมเทพ ภูฆัง (ฟลุค)', 'มอบหมายให้: Engineer\nอัพเดทข้อมูลรายการ: ส่งรายการ BOQ แอร์ลานหอยให้เปาหาเจ้าอื่น\nโดยเปลี่ยนแปลงข้อมูลเป็น: รอราคาจากพี่เปา ให้หา ผรม.ในพิษณุโลก สุโขทัย และเจ้าของเฮียบุ้งด้วย', 'Windows', '2022-05-24 10:58:34', '2022-05-24 10:58:34'),
(914, 'อมเทพ ภูฆัง (ฟลุค)', 'มอบหมายให้: Engineer\nอัพเดทข้อมูลรายการ: ทำรายการสั่งของ สุขภัณฑ์ โคมไฟ LAN กล้องวงจรปิด\nโดยเปลี่ยนแปลงข้อมูลเป็น: รอผรม.เสนอราคา ให้เพิ่มรายการที่ตกหล่น', 'Windows', '2022-05-24 10:59:46', '2022-05-24 10:59:46'),
(915, 'อมเทพ ภูฆัง (ฟลุค)', 'มอบหมายให้: Engineer\nอัพเดทข้อมูลรายการ: หาสาย EV Charge บ้านท่านประธานยาว 7 เมตร\nโดยเปลี่ยนแปลงข้อมูลเป็น: ดำเนินการหาสายยาว 7 เมตร ให้ต่อรองระยะเวลาการส่งเหลือ 1 เดือน และเช็คราคา', 'Windows', '2022-05-24 11:00:20', '2022-05-24 11:00:20'),
(916, 'อมเทพ ภูฆัง (ฟลุค)', 'มอบหมายให้: Engineer\nอัพเดทข้อมูลรายการ: หาสาย EV Charge บ้านท่านประธานยาว 7 เมตร\nโดยเปลี่ยนแปลงข้อมูลเป็น: ดำเนินการหาสายยาว 7 เมตร \r\n-ให้ต่อรองระยะเวลาการส่งเหลือ 1 เดือน และเช็คราคา', 'Windows', '2022-05-24 11:01:11', '2022-05-24 11:01:11'),
(917, 'อมเทพ ภูฆัง (ฟลุค)', 'มอบหมายให้: Engineer\nเพิ่มมูลรายการ: ทำเรื่องจัดซื้อ FHC และถังเคมี', 'Windows', '2022-05-24 11:02:09', '2022-05-24 11:02:09'),
(918, 'อมเทพ ภูฆัง (ฟลุค)', 'มอบหมายให้: Engineer\nเพิ่มมูลรายการ: สั่งซื้อถังบำบัดลานหอย', 'Windows', '2022-05-24 11:03:32', '2022-05-24 11:03:32'),
(919, 'อมเทพ ภูฆัง (ฟลุค)', 'มอบหมายให้: Engineer\nเพิ่มมูลรายการ: สั่งซื้อ LAN 1800 เมตร ใช้ Cat6 และซื้อกล้อง 10 ตัว ใช้ของเก่า 4 ตัวได้ไหม ซื้อ poe 16 port', 'Windows', '2022-05-24 11:04:59', '2022-05-24 11:04:59'),
(920, 'อมเทพ ภูฆัง (ฟลุค)', 'มอบหมายให้: Engineer\nอัพเดทข้อมูลรายการ: ทำรายการสั่งของ สุขภัณฑ์ โคมไฟ LAN กล้องวงจรปิด\nโดยเปลี่ยนแปลงข้อมูลเป็น: รอผรม.เสนอราคา ให้เพิ่มรายการที่ตกหล่น\r\nสั่งซื้อ LAN 1800 เมตร ใช้ Cat6 และซ', 'Windows', '2022-05-24 11:07:43', '2022-05-24 11:07:43'),
(921, 'สุรศักดิ์ วารุลังค์ (แจ๊ค)', 'มอบหมายให้: Operation\nอัพเดทข้อมูลรายการ: ติดตามเอกสารเคลมกระจกชั้น 6\nโดยเปลี่ยนแปลงข้อมูลเป็น: เอกสารครบแล้ว รอส่ง Mail ( ภายในพรุ่งนี้ )', 'Windows', '2022-05-24 11:12:06', '2022-05-24 11:12:06'),
(922, 'สุรศักดิ์ วารุลังค์ (แจ๊ค)', 'มอบหมายให้: Operation\nอัพเดทข้อมูลรายการ: แก้ไขปัญหาเรื่อง BS control ชั้น 8,AHU5-03,Chiller No.2\nโดยเปลี่ยนแปลงข้อมูลเป็น: คุยกับพี่ธันวาแล้ว รอตามพี่ธันวาอีกที', 'Windows', '2022-05-24 11:13:22', '2022-05-24 11:13:22'),
(923, 'สุรศักดิ์ วารุลังค์ (แจ๊ค)', 'มอบหมายให้: Operation\nอัพเดทข้อมูลรายการ: นัดประชุมหารือ ข้อสรุปการแก้ไขปัญหาน้ำรั่ว AAG\nโดยเปลี่ยนแปลงข้อมูลเป็น: นัดประชุม วันที่ 26/05/2565 13.00 น. ( เช้า สรุปจุดน้ำรั่ว และ คอมเฟิมนัด )', 'Windows', '2022-05-24 11:14:43', '2022-05-24 11:14:43'),
(924, 'สุรศักดิ์ วารุลังค์ (แจ๊ค)', 'มอบหมายให้: Operation\nอัพเดทข้อมูลรายการ: ใบเสนอราคาม่านควัน\nโดยเปลี่ยนแปลงข้อมูลเป็น: รอคุณพิงค์ เสนอราคาใบสุดท้าย', 'Windows', '2022-05-24 11:15:46', '2022-05-24 11:15:46'),
(925, 'สุรศักดิ์ วารุลังค์ (แจ๊ค)', 'มอบหมายให้: Operation\nอัพเดทข้อมูลรายการ: สรุปสเปค และใบเนอราคาแอร์ห้องคอนโทรลชั้น 5\nโดยเปลี่ยนแปลงข้อมูลเป็น: ติดปัญหาเรื่องพื้นที่ติดตั้ง และจะคุยกับ IT วันที่ 25/05/2565', 'Windows', '2022-05-24 11:16:50', '2022-05-24 11:16:50'),
(926, 'สุรศักดิ์ วารุลังค์ (แจ๊ค)', 'มอบหมายให้: Operation\nอัพเดทข้อมูลรายการ: เดินระบบไฟชั้น 11 อีก 1 ชุด\nโดยเปลี่ยนแปลงข้อมูลเป็น: ติดตั้ง วันที่ 28/05/2565', 'Windows', '2022-05-24 11:17:34', '2022-05-24 11:17:34'),
(927, 'สุรศักดิ์ วารุลังค์ (แจ๊ค)', 'มอบหมายให้: Operation\nอัพเดทข้อมูลรายการ: หาเครื่องจ่ายโฟมตัวใหม่\nโดยเปลี่ยนแปลงข้อมูลเป็น: รอส่งเสป็คให้ พี่เปา จัดซื้อ', 'Windows', '2022-05-24 11:20:41', '2022-05-24 11:20:41'),
(928, 'สุรศักดิ์ วารุลังค์ (แจ๊ค)', 'มอบหมายให้: Operation\nอัพเดทข้อมูลรายการ: หาเครื่องจ่ายโฟมตัวใหม่\nโดยเปลี่ยนแปลงข้อมูลเป็น: รอส่งเสป็คให้ พี่เปา จัดซื้อ', 'Windows', '2022-05-24 11:20:42', '2022-05-24 11:20:42'),
(929, 'สุรศักดิ์ วารุลังค์ (แจ๊ค)', 'มอบหมายให้: Operation\nอัพเดทข้อมูลรายการ: สั่งทำป้ายอคิลิก เมืองไทยเพเลเทอร์\nโดยเปลี่ยนแปลงข้อมูลเป็น: รอใบเสนอราคาจาก บริษัท โอกาศ', 'Windows', '2022-05-24 11:21:18', '2022-05-24 11:21:18'),
(930, 'สุรศักดิ์ วารุลังค์ (แจ๊ค)', 'มอบหมายให้: Operation\nอัพเดทข้อมูลรายการ: แก้ไข Overflow น้ำพุ,ตะแกรงในบ่อน้ำพุ,และวิธีการล้างน้ำพุ\nโดยเปลี่ยนแปลงข้อมูลเป็น: รับทราบ', 'Windows', '2022-05-24 11:22:02', '2022-05-24 11:22:02'),
(931, 'สุรศักดิ์ วารุลังค์ (แจ๊ค)', 'มอบหมายให้: Operation\nอัพเดทข้อมูลรายการ: แก้ไขสลิงต้นไม้ด้านหน้า รวมถึงเพิ่ม support สลิงสำหรับต้นไม้ที่จะเอามาลงใหม่ ตรวจสอบระบบสปริงเกอร์\nโดยเปลี่ยนแปลงข้อมูลเป็น: รับทราบ', 'Windows', '2022-05-24 11:22:22', '2022-05-24 11:22:22'),
(932, 'สุรศักดิ์ วารุลังค์ (แจ๊ค)', 'มอบหมายให้: Operation\nอัพเดทข้อมูลรายการ: ติดตามการแก้ไข UPS ชั้น 12\nโดยเปลี่ยนแปลงข้อมูลเป็น: รอ AIS เข้า วันที่27/05/2565 ( โทรหาพี่บิ๊ก ก่อนด้วย )', 'Windows', '2022-05-24 11:23:47', '2022-05-24 11:23:47'),
(933, 'สุรศักดิ์ วารุลังค์ (แจ๊ค)', 'มอบหมายให้: Operation\nอัพเดทข้อมูลรายการ: ติดตามการแก้ไข UPS ชั้น 12\nโดยเปลี่ยนแปลงข้อมูลเป็น: รอ AIS เข้า วันที่27/05/2565 ( โทรหาพี่บิ๊ก ก่อนด้วย )', 'Windows', '2022-05-24 11:24:12', '2022-05-24 11:24:12'),
(934, 'สุรศักดิ์ วารุลังค์ (แจ๊ค)', 'มอบหมายให้: Operation\nอัพเดทข้อมูลรายการ: ติดตามการแก้ไข Turnstile\nโดยเปลี่ยนแปลงข้อมูลเป็น: รอ AIS เข้า วันที่27/05/2565 ( โทรหาพี่บิ๊ก ก่อนด้วย )', 'Windows', '2022-05-24 11:24:25', '2022-05-24 11:24:25'),
(935, 'สุรศักดิ์ วารุลังค์ (แจ๊ค)', 'มอบหมายให้: Operation\nอัพเดทข้อมูลรายการ: ติดตามการรื้อ ติดตั้ง fiiber ด้านข้างกำแพง\nโดยเปลี่ยนแปลงข้อมูลเป็น: รอ AIS มาย้าย', 'Windows', '2022-05-24 11:25:21', '2022-05-24 11:25:21'),
(936, 'สุรศักดิ์ วารุลังค์ (แจ๊ค)', 'มอบหมายให้: Operation\nอัพเดทข้อมูลรายการ: ส่งเมล์แก้ไขแบบแปลนให้ ITD\nโดยเปลี่ยนแปลงข้อมูลเป็น: ส่งภายในพรุ่งนี้', 'Windows', '2022-05-24 11:27:21', '2022-05-24 11:27:21'),
(937, 'สุรศักดิ์ วารุลังค์ (แจ๊ค)', 'มอบหมายให้: Operation\nอัพเดทข้อมูลรายการ: หา ผรม.เดินระบบเสาไฟฟ้ารั้วข้างวัด\nโดยเปลี่ยนแปลงข้อมูลเป็น: ตามพี่ก้านอีกรอบ พรุ่งนี้', 'Windows', '2022-05-24 11:28:00', '2022-05-24 11:28:00'),
(938, 'สุรศักดิ์ วารุลังค์ (แจ๊ค)', 'มอบหมายให้: Operation\nอัพเดทข้อมูลรายการ: ติดตั้ง hoist crane และเช็คบ่อ submerge\nโดยเปลี่ยนแปลงข้อมูลเป็น: รับทราบครับ', 'Windows', '2022-05-24 11:29:22', '2022-05-24 11:29:22'),
(939, 'สุรศักดิ์ วารุลังค์ (แจ๊ค)', 'มอบหมายให้: Operation\nอัพเดทข้อมูลรายการ: แก้ไขโคมไฟห้องคุณบูม\nโดยเปลี่ยนแปลงข้อมูลเป็น: สั่งของแล้ว รอของมาส่ง', 'Windows', '2022-05-24 11:30:56', '2022-05-24 11:30:56'),
(940, 'สุวรรณ์ คงสง (ด้วง)', 'ตรวจเช็คห้อง: MDB Room ชั้น: 5 รอบ: \'ค่ำ\' สถานะ: ปกติ', 'OS X', '2022-05-24 15:25:39', '2022-05-24 15:25:39'),
(941, 'สุวรรณ์ คงสง (ด้วง)', 'ตรวจเช็คห้อง: Chiller Room ชั้น: 5 รอบ: \'ค่ำ\' สถานะ: ปกติ', 'OS X', '2022-05-24 15:26:28', '2022-05-24 15:26:28'),
(942, 'สุวรรณ์ คงสง (ด้วง)', 'ตรวจเช็คห้อง: EE Room 6 ชั้น: 6 รอบ: \'ค่ำ\' สถานะ: ปกติ', 'OS X', '2022-05-24 15:28:28', '2022-05-24 15:28:28'),
(943, 'สุวรรณ์ คงสง (ด้วง)', 'ตรวจเช็คห้อง: Generator Room ชั้น: 6 รอบ: \'ค่ำ\' สถานะ: ปกติ', 'OS X', '2022-05-24 15:29:19', '2022-05-24 15:29:19');
INSERT INTO `check_processes` (`log_id`, `log_user`, `log_prosessing`, `log_agent`, `created_at`, `updated_at`) VALUES
(944, 'สุวรรณ์ คงสง (ด้วง)', 'ตรวจเช็คห้อง: EE Room 7 ชั้น: 7 รอบ: \'ค่ำ\' สถานะ: ปกติ', 'OS X', '2022-05-24 15:31:37', '2022-05-24 15:31:37'),
(945, 'สุวรรณ์ คงสง (ด้วง)', 'ตรวจเช็คห้อง: EE Room 7-1 ชั้น: 7 รอบ: \'ค่ำ\' สถานะ: ปกติ', 'OS X', '2022-05-24 15:32:58', '2022-05-24 15:32:58'),
(946, 'สุวรรณ์ คงสง (ด้วง)', 'ตรวจเช็คห้อง: EE Room 8 ชั้น: 8 รอบ: \'ค่ำ\' สถานะ: ปกติ', 'OS X', '2022-05-24 15:35:14', '2022-05-24 15:35:14'),
(947, 'สุวรรณ์ คงสง (ด้วง)', 'ตรวจเช็คห้อง: EE Room 9 ชั้น: 9 รอบ: \'ค่ำ\' สถานะ: ปกติ', 'OS X', '2022-05-24 15:36:52', '2022-05-24 15:36:52'),
(948, 'สุวรรณ์ คงสง (ด้วง)', 'ตรวจเช็คห้อง: EE Room 9-1 ชั้น: 9 รอบ: \'ค่ำ\' สถานะ: ปกติ', 'OS X', '2022-05-24 15:37:48', '2022-05-24 15:37:48'),
(949, 'สุวรรณ์ คงสง (ด้วง)', 'ตรวจเช็คห้อง: EE Room 10 ชั้น: 10 รอบ: \'ค่ำ\' สถานะ: ปกติ', 'OS X', '2022-05-24 15:40:00', '2022-05-24 15:40:00'),
(950, 'สุวรรณ์ คงสง (ด้วง)', 'ตรวจเช็คห้อง: EE Room 11 ชั้น: 11 รอบ: \'ค่ำ\' สถานะ: ปกติ', 'OS X', '2022-05-24 15:41:20', '2022-05-24 15:41:20'),
(951, 'สุวรรณ์ คงสง (ด้วง)', 'ตรวจเช็คห้อง: EE Room 11-1 ชั้น: 11 รอบ: \'ค่ำ\' สถานะ: ปกติ', 'OS X', '2022-05-24 15:42:29', '2022-05-24 15:42:29'),
(952, 'สุวรรณ์ คงสง (ด้วง)', 'ตรวจเช็คห้อง: EE Room 12 ชั้น: 12 รอบ: \'ค่ำ\' สถานะ: ปกติ', 'OS X', '2022-05-24 15:45:08', '2022-05-24 15:45:08'),
(953, 'สุวรรณ์ คงสง (ด้วง)', 'ตรวจเช็คห้อง: EE Room 14-1 ชั้น: 14 รอบ: \'ค่ำ\' สถานะ: ปกติ', 'OS X', '2022-05-24 15:46:44', '2022-05-24 15:46:44'),
(954, 'สุวรรณ์ คงสง (ด้วง)', 'ตรวจเช็คห้อง: EE Room 14 ชั้น: 14 รอบ: \'ค่ำ\' สถานะ: ปกติ', 'OS X', '2022-05-24 15:47:53', '2022-05-24 15:47:53'),
(955, 'สุวรรณ์ คงสง (ด้วง)', 'ตรวจเช็คห้อง: EE Room 15 ชั้น: 15 รอบ: \'ค่ำ\' สถานะ: ปกติ', 'OS X', '2022-05-24 15:49:43', '2022-05-24 15:49:43'),
(956, 'สุวรรณ์ คงสง (ด้วง)', 'ตรวจเช็คห้อง: Pressurized Fan ชั้น: 4 รอบ: \'ค่ำ\' สถานะ: ปกติ', 'OS X', '2022-05-24 15:59:38', '2022-05-24 15:59:38'),
(957, 'สุวรรณ์ คงสง (ด้วง)', 'ตรวจเช็คห้อง: Fan Room 4 ชั้น: 4 รอบ: \'ค่ำ\' สถานะ: ปกติ', 'OS X', '2022-05-24 16:02:20', '2022-05-24 16:02:20'),
(958, 'สุวรรณ์ คงสง (ด้วง)', 'ตรวจเช็คห้อง: EE Room 4 ชั้น: 4 รอบ: \'ค่ำ\' สถานะ: ปกติ', 'OS X', '2022-05-24 16:03:24', '2022-05-24 16:03:24'),
(959, 'สุวรรณ์ คงสง (ด้วง)', 'ตรวจเช็คห้อง: EE Room 3 ชั้น: 3 รอบ: \'ค่ำ\' สถานะ: ปกติ', 'OS X', '2022-05-24 16:05:44', '2022-05-24 16:05:44'),
(960, 'สุวรรณ์ คงสง (ด้วง)', 'ตรวจเช็คห้อง: EE Room 2 ชั้น: 2 รอบ: \'ค่ำ\' สถานะ: ปกติ', 'OS X', '2022-05-24 16:07:00', '2022-05-24 16:07:00'),
(961, 'สุวรรณ์ คงสง (ด้วง)', 'ตรวจเช็คห้อง: Fire Command Room ชั้น: 1 รอบ: \'ค่ำ\' สถานะ: ปกติ', 'OS X', '2022-05-24 16:07:54', '2022-05-24 16:07:54'),
(962, 'สุวรรณ์ คงสง (ด้วง)', 'ตรวจเช็คห้อง: Fire Pump Room ชั้น: 1 รอบ: \'ค่ำ\' สถานะ: ปกติ', 'OS X', '2022-05-24 16:10:44', '2022-05-24 16:10:44'),
(963, 'สุวรรณ์ คงสง (ด้วง)', 'ตรวจเช็คห้อง: RMU Room ชั้น: 1 รอบ: \'ค่ำ\' สถานะ: ปกติ', 'OS X', '2022-05-24 16:21:38', '2022-05-24 16:21:38'),
(964, 'สุวรรณ์ คงสง (ด้วง)', 'ตรวจเช็คห้อง: HV Room ชั้น: 1 รอบ: \'ค่ำ\' สถานะ: ปกติ', 'OS X', '2022-05-24 16:22:40', '2022-05-24 16:22:40'),
(965, 'สุวรรณ์ คงสง (ด้วง)', 'ตรวจเช็คห้อง: Chiller Room ชั้น: 5 รอบ: \'เช้า\' สถานะ: ปกติ', 'OS X', '2022-05-24 22:11:47', '2022-05-24 22:11:47'),
(966, 'สุวรรณ์ คงสง (ด้วง)', 'ตรวจเช็คห้อง: MDB Room ชั้น: 5 รอบ: \'เช้า\' สถานะ: ปกติ', 'OS X', '2022-05-24 22:12:39', '2022-05-24 22:12:39'),
(967, 'สุวรรณ์ คงสง (ด้วง)', 'ตรวจเช็คห้อง: EE Room 6 ชั้น: 6 รอบ: \'เช้า\' สถานะ: ปกติ', 'AndroidOS', '2022-05-24 22:14:28', '2022-05-24 22:14:28'),
(968, 'สุวรรณ์ คงสง (ด้วง)', 'ตรวจเช็คห้อง: Generator Room ชั้น: 6 รอบ: \'เช้า\' สถานะ: ปกติ', 'AndroidOS', '2022-05-24 22:15:14', '2022-05-24 22:15:14'),
(969, 'สุวรรณ์ คงสง (ด้วง)', 'ตรวจเช็คห้อง: EE Room 7 ชั้น: 7 รอบ: \'เช้า\' สถานะ: ปกติ', 'AndroidOS', '2022-05-24 22:16:38', '2022-05-24 22:16:38'),
(970, 'สุวรรณ์ คงสง (ด้วง)', 'ตรวจเช็คห้อง: EE Room 7-1 ชั้น: 7 รอบ: \'เช้า\' สถานะ: ปกติ', 'AndroidOS', '2022-05-24 22:17:10', '2022-05-24 22:17:10'),
(971, 'สุวรรณ์ คงสง (ด้วง)', 'ตรวจเช็คห้อง: EE Room 8 ชั้น: 8 รอบ: \'เช้า\' สถานะ: ปกติ', 'AndroidOS', '2022-05-24 22:18:49', '2022-05-24 22:18:49'),
(972, 'สุวรรณ์ คงสง (ด้วง)', 'ตรวจเช็คห้อง: EE Room 9 ชั้น: 9 รอบ: \'เช้า\' สถานะ: ปกติ', 'AndroidOS', '2022-05-24 22:20:33', '2022-05-24 22:20:33'),
(973, 'สุวรรณ์ คงสง (ด้วง)', 'ตรวจเช็คห้อง: EE Room 9-1 ชั้น: 9 รอบ: \'เช้า\' สถานะ: ปกติ', 'OS X', '2022-05-24 22:22:44', '2022-05-24 22:22:44'),
(974, 'สุวรรณ์ คงสง (ด้วง)', 'ตรวจเช็คห้อง: EE Room 10 ชั้น: 10 รอบ: \'เช้า\' สถานะ: ปกติ', 'AndroidOS', '2022-05-24 22:23:39', '2022-05-24 22:23:39'),
(975, 'สุวรรณ์ คงสง (ด้วง)', 'ตรวจเช็คห้อง: EE Room 11 ชั้น: 11 รอบ: \'เช้า\' สถานะ: ปกติ', 'AndroidOS', '2022-05-24 22:26:05', '2022-05-24 22:26:05'),
(976, 'สุวรรณ์ คงสง (ด้วง)', 'ตรวจเช็คห้อง: EE Room 11-1 ชั้น: 11 รอบ: \'เช้า\' สถานะ: ปกติ', 'AndroidOS', '2022-05-24 22:26:40', '2022-05-24 22:26:40'),
(977, 'สุวรรณ์ คงสง (ด้วง)', 'ตรวจเช็คห้อง: EE Room 12 ชั้น: 12 รอบ: \'เช้า\' สถานะ: ปกติ', 'AndroidOS', '2022-05-24 22:28:13', '2022-05-24 22:28:13'),
(978, 'สุวรรณ์ คงสง (ด้วง)', 'ตรวจเช็คห้อง: EE Room 14-1 ชั้น: 14 รอบ: \'เช้า\' สถานะ: ปกติ', 'AndroidOS', '2022-05-24 22:29:09', '2022-05-24 22:29:09'),
(979, 'สุวรรณ์ คงสง (ด้วง)', 'ตรวจเช็คห้อง: EE Room 14 ชั้น: 14 รอบ: \'เช้า\' สถานะ: ปกติ', 'AndroidOS', '2022-05-24 22:30:28', '2022-05-24 22:30:28'),
(980, 'สุวรรณ์ คงสง (ด้วง)', 'ตรวจเช็คห้อง: EE Room 15 ชั้น: 15 รอบ: \'เช้า\' สถานะ: ปกติ', 'OS X', '2022-05-24 22:34:00', '2022-05-24 22:34:00'),
(981, 'สุวรรณ์ คงสง (ด้วง)', 'ตรวจเช็คห้อง: Pressurized Fan ชั้น: 4 รอบ: \'เช้า\' สถานะ: ปกติ', 'AndroidOS', '2022-05-24 22:36:53', '2022-05-24 22:36:53'),
(982, 'สุวรรณ์ คงสง (ด้วง)', 'ตรวจเช็คห้อง: Fan Room 4 ชั้น: 4 รอบ: \'เช้า\' สถานะ: ปกติ', 'AndroidOS', '2022-05-24 22:37:38', '2022-05-24 22:37:38'),
(983, 'สุวรรณ์ คงสง (ด้วง)', 'ตรวจเช็คห้อง: EE Room 4 ชั้น: 4 รอบ: \'เช้า\' สถานะ: ปกติ', 'AndroidOS', '2022-05-24 22:38:20', '2022-05-24 22:38:20'),
(984, 'สุวรรณ์ คงสง (ด้วง)', 'ตรวจเช็คห้อง: EE Room 3 ชั้น: 3 รอบ: \'เช้า\' สถานะ: ปกติ', 'AndroidOS', '2022-05-24 22:39:16', '2022-05-24 22:39:16'),
(985, 'สุวรรณ์ คงสง (ด้วง)', 'ตรวจเช็คห้อง: EE Room 2 ชั้น: 2 รอบ: \'เช้า\' สถานะ: ปกติ', 'AndroidOS', '2022-05-24 22:42:40', '2022-05-24 22:42:40'),
(986, 'สุวรรณ์ คงสง (ด้วง)', 'ตรวจเช็คห้อง: RMU Room ชั้น: 1 รอบ: \'เช้า\' สถานะ: ปกติ', 'AndroidOS', '2022-05-24 22:43:35', '2022-05-24 22:43:35'),
(987, 'สุวรรณ์ คงสง (ด้วง)', 'ตรวจเช็คห้อง: HV Room ชั้น: 1 รอบ: \'เช้า\' สถานะ: ปกติ', 'AndroidOS', '2022-05-24 22:44:05', '2022-05-24 22:44:05'),
(988, 'สุวรรณ์ คงสง (ด้วง)', 'ตรวจเช็คห้อง: Fire Pump Room ชั้น: 1 รอบ: \'เช้า\' สถานะ: ปกติ', 'AndroidOS', '2022-05-24 22:44:32', '2022-05-24 22:44:32'),
(989, 'สุวรรณ์ คงสง (ด้วง)', 'ตรวจเช็คห้อง: Fire Command Room ชั้น: 1 รอบ: \'เช้า\' สถานะ: ปกติ', 'AndroidOS', '2022-05-24 22:45:08', '2022-05-24 22:45:08'),
(990, 'กิตติวรา วรพัฒน์ (ชะเอม)', 'มอบหมายให้: Sustain\nอัพเดทข้อมูลรายการ: ตอบแบบประเมิน  THSI\nโดยเปลี่ยนแปลงข้อมูลเป็น: ', 'Windows', '2022-05-25 01:39:55', '2022-05-25 01:39:55'),
(991, 'กิตติวรา วรพัฒน์ (ชะเอม)', 'มอบหมายให้: Sustain\nอัพเดทข้อมูลรายการ: ตอบแบบประเมิน  THSI\nโดยเปลี่ยนแปลงข้อมูลเป็น: ชะเอม - เอกสารอ้างอิง(คู่มือและการปฏิบัติสิทธิมนุษยชน, Meteriality, ความเสี่ยงด้านความยั่งยืน)', 'Windows', '2022-05-25 01:42:38', '2022-05-25 01:42:38'),
(992, 'กิตติวรา วรพัฒน์ (ชะเอม)', 'มอบหมายให้: Sustain\nอัพเดทข้อมูลรายการ: ตอบแบบประเมิน  THSI\nโดยเปลี่ยนแปลงข้อมูลเป็น: ชะเอม&พี่จูน - เอกสารอ้างอิง(คู่มือและการปฏิบัติสิทธิมนุษยชน, Meteriality, ความเสี่ยงด้านความยั่งยืน)', 'Windows', '2022-05-25 01:43:00', '2022-05-25 01:43:00'),
(993, 'อินทิรา ผาทิพย์ (กิ๊ฟ)', 'มอบหมายให้: Reception\nอัพเดทข้อมูลรายการ: ปรับปรุง Green wall ป้ายด้านหน้าอาคาร และตรวจสอบระบบรดน้ำต้นไม้\nโดยเปลี่ยนแปลงข้อมูลเป็น: เปลี่ยนต้นไม้วันที่ 25/5/65 พร้อมตรวจเช็คสปิงเกอร์', 'Windows', '2022-05-25 02:00:35', '2022-05-25 02:00:35'),
(994, 'อินทิรา ผาทิพย์ (กิ๊ฟ)', 'มอบหมายให้: Reception\nอัพเดทข้อมูลรายการ: หา ผรม. ปลูกต้นไม้รั้วฝั่งวัดด้านนอกอาคาร\nโดยเปลี่ยนแปลงข้อมูลเป็น: ได้ผรม.แล้ว พี่ฟลุคให้จัดซื้อหาเพิ่ม', 'Windows', '2022-05-25 02:02:19', '2022-05-25 02:02:19'),
(995, 'อินทิรา ผาทิพย์ (กิ๊ฟ)', 'มอบหมายให้: Reception\nอัพเดทข้อมูลรายการ: เคลมเก้าอี้ เพอร์เฟค\nโดยเปลี่ยนแปลงข้อมูลเป็น: เฟอร์เฟ็คเข้าพื้นที่เปลี่ยนเก้าอี้วันที่ 28/5/2565', 'Windows', '2022-05-25 02:03:31', '2022-05-25 02:03:31'),
(996, 'อินทิรา ผาทิพย์ (กิ๊ฟ)', 'มอบหมายให้: Reception\nอัพเดทข้อมูลรายการ: ติดตามเรื่องพรมชั้น 10\nโดยเปลี่ยนแปลงข้อมูลเป็น: ได้รับพรมวันที่ 15/6/2565', 'Windows', '2022-05-25 02:04:08', '2022-05-25 02:04:08'),
(997, 'อินทิรา ผาทิพย์ (กิ๊ฟ)', 'มอบหมายให้: Reception\nอัพเดทข้อมูลรายการ: หาต้นซิลเวอร์โอ๊ค 6/8 นิ้วมาปลูกแทนต้นเก่า\nโดยเปลี่ยนแปลงข้อมูลเป็น: ทำใบขอซื้อเรียบร้อยรอปลูกวันที่สภาพอากาศดี ไม่มีพายุเข้า', 'Windows', '2022-05-25 02:05:20', '2022-05-25 02:05:20'),
(998, 'อินทิรา ผาทิพย์ (กิ๊ฟ)', 'มอบหมายให้: Reception\nอัพเดทข้อมูลรายการ: หาต้นซิลเวอร์โอ๊ค 6/8 นิ้วมาปลูกแทนต้นเก่า\nโดยเปลี่ยนแปลงข้อมูลเป็น: ทำใบขอซื้อเรียบร้อยรอปลูกวันที่สภาพอากาศดี ไม่มีพายุเข้า พร้อมทั้งฆ่าเชื้อปลวกใน', 'Windows', '2022-05-25 02:06:09', '2022-05-25 02:06:09'),
(999, 'อินทิรา ผาทิพย์ (กิ๊ฟ)', 'มอบหมายให้: Reception\nอัพเดทข้อมูลรายการ: ทำคลิป special coffee\nโดยเปลี่ยนแปลงข้อมูลเป็น: พร้อมส่งวันที่ 2/6/2565', 'Windows', '2022-05-25 02:08:09', '2022-05-25 02:08:09'),
(1000, 'อินทิรา ผาทิพย์ (กิ๊ฟ)', 'มอบหมายให้: Reception\nอัพเดทข้อมูลรายการ: ถังขยะร้านกาแฟ\nโดยเปลี่ยนแปลงข้อมูลเป็น: ทำใบขอซื้อเรียบร้อย ฝ่ายจัดซื้อกำลังดำเนินการ', 'Windows', '2022-05-25 02:08:50', '2022-05-25 02:08:50'),
(1001, 'อินทิรา ผาทิพย์ (กิ๊ฟ)', 'มอบหมายให้: Reception\nอัพเดทข้อมูลรายการ: กรอบรูปชั้น 10 และฟิตเนส\nโดยเปลี่ยนแปลงข้อมูลเป็น: รอร้านกรอบรูปมาส่งยังไม่ระบุวัน', 'Windows', '2022-05-25 02:09:21', '2022-05-25 02:09:21'),
(1002, 'อินทิรา ผาทิพย์ (กิ๊ฟ)', 'มอบหมายให้: Reception\nอัพเดทข้อมูลรายการ: ย้ายของคืนโต๊ะร้านกาแฟ\nโดยเปลี่ยนแปลงข้อมูลเป็น: แล้วเสร็จวันที่ 25/5/2565', 'Windows', '2022-05-25 02:09:56', '2022-05-25 02:09:56'),
(1003, 'อินทิรา ผาทิพย์ (กิ๊ฟ)', 'มอบหมายให้: Reception\nอัพเดทข้อมูลรายการ: ปรับปรุงกระถางต้นไม้และต้นไม้ปลอมชั้น G\nโดยเปลี่ยนแปลงข้อมูลเป็น: รอคุยกับพี่ฟลุคเรื่องราคาต้นไม้กับกระถาง', 'Windows', '2022-05-25 02:11:35', '2022-05-25 02:11:35'),
(1004, 'อาทิตย์ ศรีจันทร์ (am)', 'มอบหมายให้: Reception\nอัพเดทข้อมูลรายการ: ปรับปรุงกระถางต้นไม้และต้นไม้ปลอมชั้น G\nโดยเปลี่ยนแปลงข้อมูลเป็น: รอคุยกับพี่ฟลุคเรื่องราคาต้นไม้กับกระถาง\r\nๅ/-ๅ/-ๅ/-', 'Windows', '2022-05-25 04:01:12', '2022-05-25 04:01:12'),
(1005, 'อาทิตย์ ศรีจันทร์ (am)', 'มอบหมายให้: Reception\nอัพเดทข้อมูลรายการ: หา ผรม. ปลูกต้นไม้รั้วฝั่งวัดด้านนอกอาคาร\nโดยเปลี่ยนแปลงข้อมูลเป็น: ได้ผรม.แล้ว พี่ฟลุคให้จัดซื้อหาเพิ่ม', 'Windows', '2022-05-25 07:10:19', '2022-05-25 07:10:19'),
(1006, 'อาทิตย์ ศรีจันทร์ (am)', 'มอบหมายให้: Reception\nอัพเดทข้อมูลรายการ: หา ผรม. ปลูกต้นไม้รั้วฝั่งวัดด้านนอกอาคาร\nโดยเปลี่ยนแปลงข้อมูลเป็น: ได้ผรม.แล้ว พี่ฟลุคให้จัดซื้อหาเพิ่ม', 'Windows', '2022-05-25 07:10:37', '2022-05-25 07:10:37'),
(1007, 'อาทิตย์ ศรีจันทร์ (am)', 'ตรวจเช็คห้อง: EE-03 ชั้น: 2 รอบ: \'บ่าย\' สถานะ: ปกติ', 'AndroidOS', '2022-05-26 02:17:14', '2022-05-26 02:17:14'),
(1008, 'อาทิตย์ ศรีจันทร์ (am)', 'สร้างข้อมูลห้อง: ทดสอบการทำงาน ชั้น: 11', 'Windows', '2022-05-26 04:12:43', '2022-05-26 04:12:43'),
(1009, 'อาทิตย์ ศรีจันทร์ (am)', 'มอบหมายให้: Sustain\nเพิ่มมูลรายการ: Sustain', 'Windows', '2022-05-26 04:59:22', '2022-05-26 04:59:22'),
(1010, 'อาทิตย์ ศรีจันทร์ (am)', 'สร้างข้อมูลห้อง: EE-1 ชั้น: 123123', 'Windows', '2022-05-26 07:04:38', '2022-05-26 07:04:38'),
(1011, 'อาทิตย์ ศรีจันทร์ (am)', 'สร้างข้อมูลห้อง: EE-1 ชั้น: 44', 'Windows', '2022-05-26 07:59:14', '2022-05-26 07:59:14'),
(1012, 'อาทิตย์ ศรีจันทร์ (am)', 'สร้างข้อมูลห้อง: DD-23 ชั้น: 12', 'Windows', '2022-05-26 08:04:54', '2022-05-26 08:04:54'),
(1013, 'อาทิตย์ ศรีจันทร์ (am)', 'ลบข้อมูลห้องวันที่: 2022-05-26 07:00:00', 'Windows', '2022-05-26 13:35:18', '2022-05-26 13:35:18'),
(1014, 'อาทิตย์ ศรีจันทร์ (am)', 'ลบข้อมูลห้องวันที่: 2022-05-26 07:00:00', 'Windows', '2022-05-26 13:36:19', '2022-05-26 13:36:19');

-- --------------------------------------------------------

--
-- Table structure for table `dateofworks`
--

CREATE TABLE `dateofworks` (
  `datework_id` int(11) NOT NULL,
  `user_id` int(11) NOT NULL,
  `date_start_work` datetime NOT NULL,
  `date_off_work` datetime NOT NULL,
  `datework_check` varchar(191) COLLATE utf8mb4_unicode_ci NOT NULL,
  `created_at` timestamp NULL DEFAULT NULL,
  `updated_at` timestamp NULL DEFAULT NULL
) ENGINE=InnoDB DEFAULT CHARSET=utf8mb4 COLLATE=utf8mb4_unicode_ci;

--
-- Dumping data for table `dateofworks`
--

INSERT INTO `dateofworks` (`datework_id`, `user_id`, `date_start_work`, `date_off_work`, `datework_check`, `created_at`, `updated_at`) VALUES
(13, 1, '2022-05-12 10:31:10', '2022-05-12 10:33:54', '0', NULL, NULL),
(14, 1, '2022-05-12 10:33:56', '2022-05-12 11:10:21', '0', NULL, NULL),
(15, 2, '2022-05-12 11:05:31', '2022-05-12 11:05:37', '0', NULL, NULL),
(16, 2, '2022-05-12 11:05:44', '2022-05-12 11:05:50', '0', NULL, NULL),
(17, 2, '2022-05-12 11:06:57', '2022-05-12 11:09:00', '0', NULL, NULL),
(18, 1, '2022-05-12 13:39:34', '2022-05-12 13:39:45', '0', NULL, NULL),
(19, 1, '2022-05-12 13:40:01', '2022-05-12 13:40:16', '0', NULL, NULL),
(20, 1, '2022-05-12 14:29:53', '2022-05-16 12:07:36', '0', NULL, NULL),
(21, 1, '2022-05-17 16:09:36', '0000-00-00 00:00:00', '1', NULL, NULL);

-- --------------------------------------------------------

--
-- Table structure for table `date_for_checkings`
--

CREATE TABLE `date_for_checkings` (
  `date_id` int(11) NOT NULL,
  `start_date` datetime NOT NULL,
  `end_date` datetime NOT NULL
) ENGINE=InnoDB DEFAULT CHARSET=utf8mb4 COLLATE=utf8mb4_unicode_ci;

--
-- Dumping data for table `date_for_checkings`
--

INSERT INTO `date_for_checkings` (`date_id`, `start_date`, `end_date`) VALUES
(27, '2022-05-27 07:00:00', '2022-05-28 06:59:59');

-- --------------------------------------------------------

--
-- Table structure for table `list_of_imgs`
--

CREATE TABLE `list_of_imgs` (
  `img_repair_id` int(11) NOT NULL,
  `list_repair_id` int(11) NOT NULL,
  `img_name` varchar(191) COLLATE utf8mb4_unicode_ci NOT NULL,
  `img_description` varchar(191) COLLATE utf8mb4_unicode_ci NOT NULL,
  `created_at` timestamp NULL DEFAULT NULL,
  `updated_at` timestamp NULL DEFAULT NULL
) ENGINE=InnoDB DEFAULT CHARSET=utf8mb4 COLLATE=utf8mb4_unicode_ci;

--
-- Dumping data for table `list_of_imgs`
--

INSERT INTO `list_of_imgs` (`img_repair_id`, `list_repair_id`, `img_name`, `img_description`, `created_at`, `updated_at`) VALUES
(29, 19, '173376174342290125-05-2022-09-00-45.jpg', '', '2022-05-25 02:00:45', '2022-05-25 02:00:45'),
(30, 8, '173376860618509925-05-2022-10-49-50.jpg', '', '2022-05-25 03:49:50', '2022-05-25 03:49:50'),
(31, 34, '173376867526827425-05-2022-10-50-56.jpg', '', '2022-05-25 03:50:56', '2022-05-25 03:50:56'),
(33, 59, '173376973028404225-05-2022-11-07-42.jpg', '', '2022-05-25 04:07:42', '2022-05-25 04:07:42');

-- --------------------------------------------------------

--
-- Table structure for table `list_of_repairs`
--

CREATE TABLE `list_of_repairs` (
  `list_repair_id` int(11) NOT NULL,
  `date_of_report` datetime NOT NULL,
  `date_for_update` datetime NOT NULL,
  `list_report` varchar(191) NOT NULL,
  `status_repair` varchar(191) NOT NULL,
  `notifier` varchar(191) NOT NULL,
  `editor` varchar(191) NOT NULL,
  `operator` varchar(191) NOT NULL,
  `description` varchar(191) NOT NULL,
  `approve_report` tinyint(1) NOT NULL,
  `bookmark_checked` tinyint(1) NOT NULL,
  `processing_date` varchar(191) NOT NULL,
  `new_update_active` varchar(500) NOT NULL
) ENGINE=InnoDB DEFAULT CHARSET=utf8mb4;

--
-- Dumping data for table `list_of_repairs`
--

INSERT INTO `list_of_repairs` (`list_repair_id`, `date_of_report`, `date_for_update`, `list_report`, `status_repair`, `notifier`, `editor`, `operator`, `description`, `approve_report`, `bookmark_checked`, `processing_date`, `new_update_active`) VALUES
(2, '2022-05-24 10:32:03', '0000-00-00 00:00:00', 'ส่งรายการปั้มชู๊ทให้เปาจัดซื้อหาเจ้าอื่น', 'กำลังดำเนินการ', 'อมรเทพ (ฟลุค)', 'Engineer', '', 'รอพี่เปาหาเจ้าทำราคา และให้หาเทียบกับเปาด้วย', 0, 1, '', '18'),
(3, '2022-05-24 12:34:01', '0000-00-00 00:00:00', 'ส่งรายการ BOQ แอร์ลานหอยให้เปาหาเจ้าอื่น', 'กำลังดำเนินการ', 'อมรเทพ (ฟลุค)', 'Engineer', '', 'รอราคาจากพี่เปา ให้หา ผรม.ในพิษณุโลก สุโขทัย และเจ้าของเฮียบุ้งด้วย', 0, 1, '', '18'),
(4, '2022-05-24 12:34:48', '0000-00-00 00:00:00', 'คุยกับ ผอ.ลานหอยเรื่อง GEN', 'กำลังดำเนินการ', 'อมรเทพ (ฟลุค)', 'Engineer', '', 'ผอ.รอเสนอราคาย้ายgenใหม่/ถ้าราคาสูงอยู่ให้ทางรพ.ดำเนินการหาวันที่จะย้ายทางเราจะได้เตรียมพื้นไว้ให้', 0, 1, '', '18'),
(5, '2022-05-24 12:35:43', '0000-00-00 00:00:00', 'เร่งใบเสนอราคาระบบป้องกันฟ้าผ่าลานหอย', 'กำลังดำเนินการ', 'อมรเทพ (ฟลุค)', 'Engineer', '', 'รอต่อราคาเหลือ130,000บาทไมาเอาvat', 0, 1, '', '12,18,2'),
(6, '2022-05-24 12:36:31', '0000-00-00 00:00:00', 'หา ผรม. Louver ในพิษณุโลก สุโขทัย ตาก', 'กำลังดำเนินการ', 'อมรเทพ (ฟลุค)', 'Engineer', '', 'รอผรม.เสนอราคา', 0, 1, '', '18'),
(7, '2022-05-24 12:37:55', '0000-00-00 00:00:00', 'ทำรายการสั่งของ สุขภัณฑ์ โคมไฟ LAN กล้องวงจรปิด', 'กำลังดำเนินการ', 'อมรเทพ (ฟลุค)', 'Engineer', '', 'รอผรม.เสนอราคา ให้เพิ่มรายการที่ตกหล่น\r\nสั่งซื้อ LAN 1800 เมตร ใช้ Cat6 และซื้อกล้อง 10 ตัว ใช้ของเก่า 4 ตัวได้ไหม ซื้อ poe 16 port', 0, 1, '', ''),
(8, '2022-05-24 12:40:57', '0000-00-00 00:00:00', 'ติดตามเอกสารเคลมกระจกชั้น 6', 'กำลังดำเนินการ', 'อมรเทพ (ฟลุค)', '(2)Operation/Engineer', '', 'เอกสารครบแล้ว รอส่ง Mail ( ภายในพรุ่งนี้ )', 0, 1, '', ''),
(9, '2022-05-24 12:41:26', '0000-00-00 00:00:00', 'นัดประชุมหารือ ข้อสรุปการแก้ไขปัญหาน้ำรั่ว AAG', 'กำลังดำเนินการ', 'อมรเทพ (ฟลุค)', 'Operation', '', 'นัดประชุม วันที่ 26/05/2565 13.00 น. ( เช้า สรุปจุดน้ำรั่ว และ คอมเฟิมนัด )', 0, 0, '', ''),
(10, '2022-05-24 12:43:07', '0000-00-00 00:00:00', 'ใบเสนอราคาม่านควัน', 'กำลังดำเนินการ', 'อมรเทพ (ฟลุค)', 'Operation', '', 'รอคุณพิงค์ เสนอราคาใบสุดท้าย', 0, 1, '', ''),
(11, '2022-05-24 12:44:53', '0000-00-00 00:00:00', 'สรุปสเปค และใบเนอราคาแอร์ห้องคอนโทรลชั้น 5', 'กำลังดำเนินการ', 'อมรเทพ (ฟลุค)', 'Operation', '', 'ติดปัญหาเรื่องพื้นที่ติดตั้ง และจะคุยกับ IT วันที่ 25/05/2565', 0, 1, '', ''),
(12, '2022-05-24 12:45:46', '0000-00-00 00:00:00', 'แก้ไขปัญหาเรื่อง BS control ชั้น 8,AHU5-03,Chiller No.2', 'กำลังดำเนินการ', 'อมรเทพ (ฟลุค)', 'Operation', '', 'คุยกับพี่ธันวาแล้ว รอตามพี่ธันวาอีกที', 0, 0, '', ''),
(13, '2022-05-24 12:47:11', '0000-00-00 00:00:00', 'เดินระบบไฟชั้น 11 อีก 1 ชุด', 'กำลังดำเนินการ', 'อมรเทพ (ฟลุค)', 'Operation', '', 'ติดตั้ง วันที่ 28/05/2565', 0, 0, '', ''),
(14, '2022-05-24 12:47:48', '0000-00-00 00:00:00', 'หาเครื่องจ่ายโฟมตัวใหม่', 'กำลังดำเนินการ', 'อมรเทพ (ฟลุค)', 'Operation', '', 'รอส่งเสป็คให้ พี่เปา จัดซื้อ', 0, 0, '', ''),
(15, '2022-05-24 12:48:25', '0000-00-00 00:00:00', 'สั่งทำป้ายอคิลิก เมืองไทยเพเลเทอร์', 'กำลังดำเนินการ', 'อมรเทพ (ฟลุค)', 'Operation', '', 'รอใบเสนอราคาจาก บริษัท โอกาศ', 0, 1, '', ''),
(16, '2022-05-24 12:49:53', '0000-00-00 00:00:00', 'แก้ไข Overflow น้ำพุ,ตะแกรงในบ่อน้ำพุ,และวิธีการล้างน้ำพุ', 'กำลังดำเนินการ', 'อมรเทพ (ฟลุค)', 'Operation', '', 'รับทราบ', 0, 0, '', ''),
(17, '2022-05-24 12:51:30', '0000-00-00 00:00:00', 'แก้ไขสลิงต้นไม้ด้านหน้า รวมถึงเพิ่ม support สลิงสำหรับต้นไม้ที่จะเอามาลงใหม่ ตรวจสอบระบบสปริงเกอร์', 'กำลังดำเนินการ', 'อมรเทพ (ฟลุค)', 'Operation', '', 'รับทราบ', 0, 0, '', ''),
(18, '2022-05-24 12:56:40', '0000-00-00 00:00:00', 'ปรับปรุง Green wall ป้ายด้านหน้าอาคาร และตรวจสอบระบบรดน้ำต้นไม้', 'กำลังดำเนินการ', 'อมรเทพ (ฟลุค)', 'Reception', '', 'เปลี่ยนต้นไม้วันที่ 25/5/65 พร้อมตรวจเช็คสปิงเกอร์', 0, 0, '', '1'),
(19, '2022-05-24 12:57:18', '2022-05-25 14:10:37', 'หา ผรม. ปลูกต้นไม้รั้วฝั่งวัดด้านนอกอาคาร', 'ดำเนินการสำเร็จ', 'อมรเทพ (ฟลุค)', 'Reception', 'Reception', 'ได้ผรม.แล้ว พี่ฟลุคให้จัดซื้อหาเพิ่ม', 1, 0, '', '1'),
(20, '2022-05-24 12:57:41', '0000-00-00 00:00:00', 'เคลมเก้าอี้ เพอร์เฟค', 'กำลังดำเนินการ', 'อมรเทพ (ฟลุค)', 'Reception', '', 'เฟอร์เฟ็คเข้าพื้นที่เปลี่ยนเก้าอี้วันที่ 28/5/2565', 0, 0, '', ''),
(21, '2022-05-24 12:58:08', '0000-00-00 00:00:00', 'ติดตามเรื่องพรมชั้น 10', 'กำลังดำเนินการ', 'อมรเทพ (ฟลุค)', 'Reception', '', 'ได้รับพรมวันที่ 15/6/2565', 0, 1, '', '1'),
(22, '2022-05-24 12:58:26', '0000-00-00 00:00:00', 'ป้ายชื่อต้นไม้', 'ยังไม่ดำเนินการ', 'อมรเทพ (ฟลุค)', 'Reception', '', '', 0, 0, '', ''),
(23, '2022-05-24 12:59:28', '0000-00-00 00:00:00', 'หาต้นซิลเวอร์โอ๊ค 6/8 นิ้วมาปลูกแทนต้นเก่า', 'กำลังดำเนินการ', 'อมรเทพ (ฟลุค)', 'Reception', '', 'ทำใบขอซื้อเรียบร้อยรอปลูกวันที่สภาพอากาศดี ไม่มีพายุเข้า พร้อมทั้งฆ่าเชื้อปลวกในดินก่อนลงปลูก', 0, 0, '', ''),
(24, '2022-05-24 13:00:12', '0000-00-00 00:00:00', 'ทำคลิป special coffee', 'กำลังดำเนินการ', 'อมรเทพ (ฟลุค)', 'Reception', '', 'พร้อมส่งวันที่ 2/6/2565', 0, 1, '', '1'),
(25, '2022-05-24 13:00:46', '0000-00-00 00:00:00', 'กรอบรูปชั้น 10 และฟิตเนส', 'กำลังดำเนินการ', 'อมรเทพ (ฟลุค)', 'Reception', '', 'รอร้านกรอบรูปมาส่งวันที่ 27/5/2565', 0, 0, '', ''),
(26, '2022-05-24 13:01:35', '0000-00-00 00:00:00', 'ปรับปรุงกระถางต้นไม้และต้นไม้ปลอมชั้น G', 'กำลังดำเนินการ', 'อมรเทพ (ฟลุค)', 'Reception', '', 'รอคุยกับพี่ฟลุคเรื่องราคาต้นไม้กับกระถาง\r\nๅ/-ๅ/-ๅ/-', 0, 0, '', ''),
(29, '2022-05-24 13:09:00', '0000-00-00 00:00:00', 'ติดตามการแก้ไข UPS ชั้น 12', 'กำลังดำเนินการ', 'อมรเทพ (ฟลุค)', 'Operation', '', 'รอ AIS เข้า วันที่27/05/2565 ( โทรหาพี่บิ๊ก ก่อนด้วย )', 0, 0, '', ''),
(31, '2022-05-24 13:10:32', '0000-00-00 00:00:00', 'ติดตามการรื้อ ติดตั้ง fiiber ด้านข้างกำแพง', 'กำลังดำเนินการ', 'อมรเทพ (ฟลุค)', 'Operation', '', 'รอ AIS มาย้าย', 0, 0, '', ''),
(32, '2022-05-24 13:12:29', '0000-00-00 00:00:00', 'ปรับปรุงระบบโปรแกรมประเมิน', 'กำลังดำเนินการ', 'อมรเทพ (ฟลุค)', 'Programmer', '', '1.รับทราบ\r\n2.ดำเนินการปรับปรุง template และตารางแสดงผลหน้าผลการและประเมินรายสัปดาห์', 0, 1, '', '1'),
(35, '2022-05-24 13:14:36', '0000-00-00 00:00:00', 'จัดทำระบบจัดเก็บประวัติเครื่องจักร', 'ยังไม่ดำเนินการ', 'อมรเทพ (ฟลุค)', 'Programmer', '', '', 0, 1, '', '2,12'),
(36, '2022-05-24 13:14:53', '0000-00-00 00:00:00', 'จัดทำระบบแผน PM', 'ยังไม่ดำเนินการ', 'อมรเทพ (ฟลุค)', 'Programmer', '', '', 0, 1, '', '12'),
(37, '2022-05-24 15:28:57', '0000-00-00 00:00:00', 'หาสาย EV Charge บ้านท่านประธานยาว 7 เมตร', 'กำลังดำเนินการ', 'อมรเทพ (ฟลุค)', 'Engineer', '', 'ดำเนินการหาสายยาว 7 เมตร \r\n-ให้ต่อรองระยะเวลาการส่งเหลือ 1 เดือน และเช็คราคา', 0, 1, '', ''),
(38, '2022-05-24 15:43:44', '0000-00-00 00:00:00', 'ประสานชุมชนย้ายต้นไม้ออก', 'ยังไม่ดำเนินการ', 'อมรเทพ (ฟลุค)', 'Engineer', '', '', 0, 1, '', '10,9'),
(39, '2022-05-24 15:46:38', '0000-00-00 00:00:00', 'หาวิธีบำบัดน้ำจากคลอง และการตรวจคุณภาพน้ำ', 'ยังไม่ดำเนินการ', 'อมรเทพ (ฟลุค)', 'Sustain', '', '', 0, 0, '', '12,1'),
(41, '2022-05-24 15:50:33', '0000-00-00 00:00:00', 'นำวัสดุ Recycle มาทำเป็นอุปกรณ์สำนักงาน', 'ยังไม่ดำเนินการ', 'อมรเทพ (ฟลุค)', 'Sustain', '', '', 0, 0, '', '12'),
(42, '2022-05-24 15:50:50', '0000-00-00 00:00:00', 'ตอบแบบประเมิน  THSI', 'กำลังดำเนินการ', 'อมรเทพ (ฟลุค)', 'Sustain', '', 'ชะเอม&พี่จูน - เอกสารอ้างอิง(คู่มือและการปฏิบัติสิทธิมนุษยชน, Meteriality, ความเสี่ยงด้านความยั่งยืน)', 0, 0, '', '2,1'),
(43, '2022-05-24 15:52:03', '0000-00-00 00:00:00', 'ยื่นขอใบ Certificate LEED', 'ยังไม่ดำเนินการ', 'อมรเทพ (ฟลุค)', 'Sustain', '', '', 0, 0, '', '12'),
(44, '2022-05-24 15:55:49', '0000-00-00 00:00:00', 'ทำ presentation Friday, 10 June |  9.00am – 10.00am (TH time)\r\nAudience: KPMG ASPAC ESG Assurance leaders', 'ยังไม่ดำเนินการ', 'อมรเทพ (ฟลุค)', 'Sustain', '', '', 0, 0, '', '18'),
(45, '2022-05-24 16:07:17', '0000-00-00 00:00:00', 'ทำตัวชี้วัดรายงานความเสี่ยงด้านสิ่งแวดล้อมที่ต้องรายงานบอร์ดเดือนสิงหาคม', 'ยังไม่ดำเนินการ', 'อมรเทพ (ฟลุค)', 'Sustain', '', '', 0, 0, '', ''),
(46, '2022-05-24 17:03:15', '0000-00-00 00:00:00', 'หา ผรม.เดินระบบเสาไฟฟ้ารั้วข้างวัด', 'กำลังดำเนินการ', 'อมรเทพ (ฟลุค)', 'Operation', '', 'ตามพี่ก้านอีกรอบ พรุ่งนี้', 0, 0, '', ''),
(48, '2022-05-24 17:05:39', '0000-00-00 00:00:00', 'ติดตั้งกล้อง CCTV ห้องเบรก', 'ยังไม่ดำเนินการ', 'อมรเทพ (ฟลุค)', 'Operation', '', '', 0, 0, '', ''),
(51, '2022-05-24 17:07:27', '0000-00-00 00:00:00', 'ตรวจสอบอาคาร', 'ยังไม่ดำเนินการ', 'อมรเทพ (ฟลุค)', '(2)Operation/Reception', '', '', 0, 0, '', '12,4'),
(52, '2022-05-24 17:07:48', '0000-00-00 00:00:00', 'วิเคราะห์ค่าไฟ', 'ยังไม่ดำเนินการ', 'อมรเทพ (ฟลุค)', 'Operation', '', '', 0, 0, '', '1'),
(64, '2022-05-25 09:38:04', '2022-05-25 09:40:10', 'ทดสอบของโปรแกรมเมอร์ๅ/-', 'ดำเนินการสำเร็จ', 'Admin (แอดมิน)', '(2)Operation/Programmer', 'Programmer', 'ทดสอบ', 1, 0, '', '2,1');

-- --------------------------------------------------------

--
-- Table structure for table `machine_descriptions`
--

CREATE TABLE `machine_descriptions` (
  `machine_description_id` int(11) NOT NULL,
  `machine_rooms_check_day_id` int(11) NOT NULL,
  `machine_description_name` varchar(191) COLLATE utf8mb4_unicode_ci NOT NULL,
  `machine_description_image` varchar(191) COLLATE utf8mb4_unicode_ci NOT NULL,
  `created_at` timestamp NULL DEFAULT NULL,
  `updated_at` timestamp NULL DEFAULT NULL
) ENGINE=InnoDB DEFAULT CHARSET=utf8mb4 COLLATE=utf8mb4_unicode_ci;

-- --------------------------------------------------------

--
-- Table structure for table `machine_rooms`
--

CREATE TABLE `machine_rooms` (
  `machine_room_id` int(11) NOT NULL,
  `machine_room_name` varchar(191) COLLATE utf8mb4_unicode_ci NOT NULL,
  `machine_room_number` varchar(191) COLLATE utf8mb4_unicode_ci NOT NULL,
  `machine_room_level` int(11) NOT NULL,
  `machine_room_detail` varchar(191) COLLATE utf8mb4_unicode_ci NOT NULL,
  `created_at` timestamp NULL DEFAULT NULL,
  `updated_at` timestamp NULL DEFAULT NULL
) ENGINE=InnoDB DEFAULT CHARSET=utf8mb4 COLLATE=utf8mb4_unicode_ci;

--
-- Dumping data for table `machine_rooms`
--

INSERT INTO `machine_rooms` (`machine_room_id`, `machine_room_name`, `machine_room_number`, `machine_room_level`, `machine_room_detail`, `created_at`, `updated_at`) VALUES
(3, '', 'EE-03', 2, '', '2022-05-02 01:27:42', '2022-05-02 01:27:42'),
(5, '', 'EE-09', 2, '', '2022-05-02 15:06:12', '2022-05-02 15:06:12'),
(6, '', 'EE-1', 1, 'ทดสอบการทำงานของระบบ', '2022-05-02 17:42:49', '2022-05-11 06:26:33'),
(34, '', 'DD-23', 12, '', '2022-05-26 08:04:54', '2022-05-26 08:04:54');

-- --------------------------------------------------------

--
-- Table structure for table `machine_rooms_check_days`
--

CREATE TABLE `machine_rooms_check_days` (
  `machine_rooms_check_day_id` int(11) NOT NULL,
  `machine_room_id` int(11) NOT NULL,
  `date_id` int(11) NOT NULL,
  `machine_rooms_check_day_status` varchar(191) COLLATE utf8mb4_unicode_ci NOT NULL,
  `machine_rooms_check_day_description` varchar(191) COLLATE utf8mb4_unicode_ci NOT NULL,
  `shift_worker_time` int(11) NOT NULL,
  `machine_room_problem` varchar(1000) COLLATE utf8mb4_unicode_ci NOT NULL,
  `img_for_checked` varchar(191) COLLATE utf8mb4_unicode_ci NOT NULL,
  `created_at` timestamp NULL DEFAULT NULL,
  `updated_at` timestamp NULL DEFAULT NULL
) ENGINE=InnoDB DEFAULT CHARSET=utf8mb4 COLLATE=utf8mb4_unicode_ci;

--
-- Dumping data for table `machine_rooms_check_days`
--

INSERT INTO `machine_rooms_check_days` (`machine_rooms_check_day_id`, `machine_room_id`, `date_id`, `machine_rooms_check_day_status`, `machine_rooms_check_day_description`, `shift_worker_time`, `machine_room_problem`, `img_for_checked`, `created_at`, `updated_at`) VALUES
(1438, 34, 27, 'ยังไม่ตรวจสอบ', '', 1, '', '', '2022-05-27 02:03:49', '2022-05-27 02:03:49'),
(1439, 34, 27, 'ยังไม่ตรวจสอบ', '', 2, '', '', '2022-05-27 02:03:49', '2022-05-27 02:03:49'),
(1440, 34, 27, 'ยังไม่ตรวจสอบ', '', 3, '', '', '2022-05-27 02:03:49', '2022-05-27 02:03:49'),
(1441, 3, 27, 'ยังไม่ตรวจสอบ', '', 1, '', '', '2022-05-27 02:03:49', '2022-05-27 02:03:49'),
(1442, 3, 27, 'ยังไม่ตรวจสอบ', '', 2, '', '', '2022-05-27 02:03:49', '2022-05-27 02:03:49'),
(1443, 3, 27, 'ยังไม่ตรวจสอบ', '', 3, '', '', '2022-05-27 02:03:49', '2022-05-27 02:03:49'),
(1444, 5, 27, 'ยังไม่ตรวจสอบ', '', 1, '', '', '2022-05-27 02:03:49', '2022-05-27 02:03:49'),
(1445, 5, 27, 'ยังไม่ตรวจสอบ', '', 2, '', '', '2022-05-27 02:03:49', '2022-05-27 02:03:49'),
(1446, 5, 27, 'ยังไม่ตรวจสอบ', '', 3, '', '', '2022-05-27 02:03:49', '2022-05-27 02:03:49'),
(1447, 6, 27, 'ยังไม่ตรวจสอบ', '', 1, '', '', '2022-05-27 02:03:49', '2022-05-27 02:03:49'),
(1448, 6, 27, 'ยังไม่ตรวจสอบ', '', 2, '', '', '2022-05-27 02:03:49', '2022-05-27 02:03:49'),
(1449, 6, 27, 'ยังไม่ตรวจสอบ', '', 3, '', '', '2022-05-27 02:03:49', '2022-05-27 02:03:49');

-- --------------------------------------------------------

--
-- Table structure for table `migrations`
--

CREATE TABLE `migrations` (
  `id` int(10) UNSIGNED NOT NULL,
  `migration` varchar(191) COLLATE utf8mb4_unicode_ci NOT NULL,
  `batch` int(11) NOT NULL
) ENGINE=InnoDB DEFAULT CHARSET=utf8mb4 COLLATE=utf8mb4_unicode_ci;

--
-- Dumping data for table `migrations`
--

INSERT INTO `migrations` (`id`, `migration`, `batch`) VALUES
(1, '2019_12_14_000001_create_personal_access_tokens_table', 1),
(2, '2022_04_29_122337_create_dateofworks_table', 1),
(3, '2022_05_01_055524_create_machine_rooms_table', 1),
(4, '2022_05_01_061715_create_machine_descriptions_table', 1),
(5, '2022_05_01_062409_create_machine_rooms_check_days_table', 1),
(6, '2022_05_01_084040_create_user_accounts_table', 1),
(21, '2022_05_09_082518_create_date_for_checkings_table', 2),
(22, '2022_05_10_033733_create_check_processes_table', 2),
(23, '2022_05_17_030920_create_list_of_repairs_table', 2),
(24, '2022_05_17_040653_create_list_of_imgs_table', 2);

-- --------------------------------------------------------

--
-- Table structure for table `personal_access_tokens`
--

CREATE TABLE `personal_access_tokens` (
  `id` bigint(20) UNSIGNED NOT NULL,
  `tokenable_type` varchar(191) COLLATE utf8mb4_unicode_ci NOT NULL,
  `tokenable_id` bigint(20) UNSIGNED NOT NULL,
  `name` varchar(191) COLLATE utf8mb4_unicode_ci NOT NULL,
  `token` varchar(64) COLLATE utf8mb4_unicode_ci NOT NULL,
  `abilities` text COLLATE utf8mb4_unicode_ci DEFAULT NULL,
  `last_used_at` timestamp NULL DEFAULT NULL,
  `created_at` timestamp NULL DEFAULT NULL,
  `updated_at` timestamp NULL DEFAULT NULL
) ENGINE=InnoDB DEFAULT CHARSET=utf8mb4 COLLATE=utf8mb4_unicode_ci;

-- --------------------------------------------------------

--
-- Table structure for table `user_accounts`
--

CREATE TABLE `user_accounts` (
  `user_id` int(11) NOT NULL,
  `user_name` varchar(191) COLLATE utf8mb4_unicode_ci NOT NULL,
  `user_pass` varchar(191) COLLATE utf8mb4_unicode_ci NOT NULL,
  `user_firstname` varchar(191) COLLATE utf8mb4_unicode_ci NOT NULL,
  `user_lastname` varchar(191) COLLATE utf8mb4_unicode_ci NOT NULL,
  `user_begindatetowork` datetime NOT NULL,
  `user_img` varchar(191) COLLATE utf8mb4_unicode_ci NOT NULL,
  `user_contrack` varchar(191) COLLATE utf8mb4_unicode_ci NOT NULL,
  `user_birth` datetime NOT NULL,
  `user_nickname` varchar(191) COLLATE utf8mb4_unicode_ci NOT NULL,
  `user_rule_status` int(11) NOT NULL,
  `user_sick_leave` int(11) NOT NULL,
  `user_personal_leave` int(11) NOT NULL,
  `user_vacation_leave` int(11) NOT NULL,
  `created_at` timestamp NULL DEFAULT NULL,
  `updated_at` timestamp NULL DEFAULT NULL
) ENGINE=InnoDB DEFAULT CHARSET=utf8mb4 COLLATE=utf8mb4_unicode_ci;

--
-- Dumping data for table `user_accounts`
--

INSERT INTO `user_accounts` (`user_id`, `user_name`, `user_pass`, `user_firstname`, `user_lastname`, `user_begindatetowork`, `user_img`, `user_contrack`, `user_birth`, `user_nickname`, `user_rule_status`, `user_sick_leave`, `user_personal_leave`, `user_vacation_leave`, `created_at`, `updated_at`) VALUES
(1, 'Admin', '123123', 'อาทิตย์', 'ศรีจันทร์', '2022-05-01 00:00:00', '', '', '2022-05-01 00:00:00', 'am', 0, 0, 0, 0, NULL, NULL),
(2, '123123', '123123', 'พนักงาน', 'ฝ่ายอาคาร', '2022-04-01 00:00:00', '', '', '1997-02-23 00:00:00', 'พนง.', 1, 0, 0, 0, NULL, NULL),
(3, '123123333', '123123', '123123', '123123', '2022-05-05 00:00:00', '', '', '2022-05-06 00:00:00', '123123', 1, 0, 0, 0, NULL, NULL);

--
-- Indexes for dumped tables
--

--
-- Indexes for table `check_processes`
--
ALTER TABLE `check_processes`
  ADD PRIMARY KEY (`log_id`);

--
-- Indexes for table `dateofworks`
--
ALTER TABLE `dateofworks`
  ADD PRIMARY KEY (`datework_id`),
  ADD KEY `user_id` (`user_id`);

--
-- Indexes for table `date_for_checkings`
--
ALTER TABLE `date_for_checkings`
  ADD PRIMARY KEY (`date_id`);

--
-- Indexes for table `list_of_imgs`
--
ALTER TABLE `list_of_imgs`
  ADD PRIMARY KEY (`img_repair_id`),
  ADD KEY `list_of_imgs_ibfk_1` (`list_repair_id`);

--
-- Indexes for table `list_of_repairs`
--
ALTER TABLE `list_of_repairs`
  ADD PRIMARY KEY (`list_repair_id`);

--
-- Indexes for table `machine_descriptions`
--
ALTER TABLE `machine_descriptions`
  ADD PRIMARY KEY (`machine_description_id`),
  ADD KEY `machine_rooms_check_day_id` (`machine_rooms_check_day_id`);

--
-- Indexes for table `machine_rooms`
--
ALTER TABLE `machine_rooms`
  ADD PRIMARY KEY (`machine_room_id`);

--
-- Indexes for table `machine_rooms_check_days`
--
ALTER TABLE `machine_rooms_check_days`
  ADD PRIMARY KEY (`machine_rooms_check_day_id`),
  ADD KEY `machine_room_id` (`machine_room_id`);

--
-- Indexes for table `migrations`
--
ALTER TABLE `migrations`
  ADD PRIMARY KEY (`id`);

--
-- Indexes for table `personal_access_tokens`
--
ALTER TABLE `personal_access_tokens`
  ADD PRIMARY KEY (`id`),
  ADD UNIQUE KEY `personal_access_tokens_token_unique` (`token`),
  ADD KEY `personal_access_tokens_tokenable_type_tokenable_id_index` (`tokenable_type`,`tokenable_id`);

--
-- Indexes for table `user_accounts`
--
ALTER TABLE `user_accounts`
  ADD PRIMARY KEY (`user_id`);

--
-- AUTO_INCREMENT for dumped tables
--

--
-- AUTO_INCREMENT for table `check_processes`
--
ALTER TABLE `check_processes`
  MODIFY `log_id` int(11) NOT NULL AUTO_INCREMENT, AUTO_INCREMENT=1015;

--
-- AUTO_INCREMENT for table `dateofworks`
--
ALTER TABLE `dateofworks`
  MODIFY `datework_id` int(11) NOT NULL AUTO_INCREMENT, AUTO_INCREMENT=22;

--
-- AUTO_INCREMENT for table `date_for_checkings`
--
ALTER TABLE `date_for_checkings`
  MODIFY `date_id` int(11) NOT NULL AUTO_INCREMENT, AUTO_INCREMENT=28;

--
-- AUTO_INCREMENT for table `list_of_imgs`
--
ALTER TABLE `list_of_imgs`
  MODIFY `img_repair_id` int(11) NOT NULL AUTO_INCREMENT, AUTO_INCREMENT=34;

--
-- AUTO_INCREMENT for table `list_of_repairs`
--
ALTER TABLE `list_of_repairs`
  MODIFY `list_repair_id` int(11) NOT NULL AUTO_INCREMENT, AUTO_INCREMENT=66;

--
-- AUTO_INCREMENT for table `machine_descriptions`
--
ALTER TABLE `machine_descriptions`
  MODIFY `machine_description_id` int(11) NOT NULL AUTO_INCREMENT, AUTO_INCREMENT=5;

--
-- AUTO_INCREMENT for table `machine_rooms`
--
ALTER TABLE `machine_rooms`
  MODIFY `machine_room_id` int(11) NOT NULL AUTO_INCREMENT, AUTO_INCREMENT=35;

--
-- AUTO_INCREMENT for table `machine_rooms_check_days`
--
ALTER TABLE `machine_rooms_check_days`
  MODIFY `machine_rooms_check_day_id` int(11) NOT NULL AUTO_INCREMENT, AUTO_INCREMENT=1450;

--
-- AUTO_INCREMENT for table `migrations`
--
ALTER TABLE `migrations`
  MODIFY `id` int(10) UNSIGNED NOT NULL AUTO_INCREMENT, AUTO_INCREMENT=25;

--
-- AUTO_INCREMENT for table `personal_access_tokens`
--
ALTER TABLE `personal_access_tokens`
  MODIFY `id` bigint(20) UNSIGNED NOT NULL AUTO_INCREMENT;

--
-- AUTO_INCREMENT for table `user_accounts`
--
ALTER TABLE `user_accounts`
  MODIFY `user_id` int(11) NOT NULL AUTO_INCREMENT, AUTO_INCREMENT=4;

--
-- Constraints for dumped tables
--

--
-- Constraints for table `dateofworks`
--
ALTER TABLE `dateofworks`
  ADD CONSTRAINT `dateofworks_ibfk_1` FOREIGN KEY (`user_id`) REFERENCES `user_accounts` (`user_id`) ON DELETE CASCADE ON UPDATE CASCADE;
COMMIT;

/*!40101 SET CHARACTER_SET_CLIENT=@OLD_CHARACTER_SET_CLIENT */;
/*!40101 SET CHARACTER_SET_RESULTS=@OLD_CHARACTER_SET_RESULTS */;
/*!40101 SET COLLATION_CONNECTION=@OLD_COLLATION_CONNECTION */;
